symbol,asOf,historyBars,validOHLCBars,validHighLowBars,latestOHLCComplete,allPublishedOHLCComplete,prior55ValidHighLowBars,recent21ValidHighLowBars,breakoutBasis,rangeBasis,fallback,score,decision
A,2026-10-02,253,253,253,true,true,55,21,actual-high,atr20,false,98,눌림목 대기
AAPL,2026-10-02,253,253,253,true,true,55,21,actual-high,atr20,false,81,위험 조절 대기
ABBV,2026-10-02,253,253,253,true,true,55,21,actual-high,atr20,false,78,위험 조절 대기
ABNB,2026-10-02,253,253,253,true,true,55,21,actual-high,atr20,false,49,관망
ABT,2026-10-02,253,253,253,true,true,55,21,actual-high,atr20,false,21,관망
ACGL,2026-10-02,253,253,253,true,true,55,21,actual-high,atr20,false,21,관망
ACN,2026-10-02,253,253,253,true,true,55,21,actual-high,atr20,false,80,관망
ADBE,2026-10-02,253,253,253,true,true,55,21,actual-high,atr20,false,12,진입 보류
ADI,2026-10-02,253,253,253,true,true,55,21,actual-high,atr20,false,99,추격 주의
ADM,2026-10-02,253,253,253,true,true,55,21,actual-high,atr20,false,47,관망
ADP,2026-10-02,253,253,253,true,true,55,21,actual-high,atr20,false,46,지지 회복 대기
ADSK,2026-10-02,253,253,253,true,true,55,21,actual-high,atr20,false,9,진입 보류
AEE,2026-10-02,253,253,253,true,true,55,21,actual-high,atr20,false,3,진입 보류
AEP,2026-10-02,253,253,253,true,true,55,21,actual-high,atr20,false,16,진입 보류
AES,2026-10-02,253,253,253,true,true,55,21,actual-high,atr20,false,91,돌파 대기
AFL,2026-10-02,253,253,253,true,true,55,21,actual-high,atr20,false,19,관망
AIG,2026-10-02,253,253,253,true,true,55,21,actual-high,atr20,false,20,진입 보류
AIZ,2026-10-02,253,253,253,true,true,55,21,actual-high,atr20,false,42,관망
AJG,2026-10-02,253,253,253,true,true,55,21,actual-high,atr20,false,17,관망
AKAM,2026-10-02,253,253,253,true,true,55,21,actual-high,atr20,false,30,관망
ALB,2026-10-02,253,253,253,true,true,55,21,actual-high,atr20,false,1,진입 보류
ALGN,2026-10-02,253,253,253,true,true,55,21,actual-high,atr20,false,12,진입 보류
ALL,2026-10-02,253,253,253,true,true,55,21,actual-high,atr20,false,15,관망
ALLE,2026-10-02,253,253,253,true,true,55,21,actual-high,atr20,false,74,관망
AMAT,2026-10-02,253,253,253,true,true,55,21,actual-high,atr20,false,90,추격 주의
AMCR,2026-10-02,253,253,253,true,true,55,21,actual-high,atr20,false,29,관망
AMD,2026-10-02,253,253,253,true,true,55,21,actual-high,atr20,false,100,추격 주의
AME,2026-10-02,253,253,253,true,true,55,21,actual-high,atr20,false,95,눌림목 대기
AMGN,2026-10-02,253,253,253,true,true,55,21,actual-high,atr20,false,70,관망
AMP,2026-10-02,253,253,253,true,true,55,21,actual-high,atr20,false,18,관망
AMT,2026-10-02,253,253,253,true,true,55,21,actual-high,atr20,false,8,진입 보류
AMZN,2026-10-02,253,253,253,true,true,55,21,actual-high,atr20,false,50,관망
ANET,2026-10-02,253,253,253,true,true,55,21,actual-high,atr20,false,98,눌림목 대기
AON,2026-10-02,253,253,253,true,true,55,21,actual-high,atr20,false,0,진입 보류
AOS,2026-10-02,253,253,253,true,true,55,21,actual-high,atr20,false,16,진입 보류
APA,2026-10-02,253,253,253,true,true,55,21,actual-high,atr20,false,70,눌림목 대기
APD,2026-10-02,253,253,253,true,true,55,21,actual-high,atr20,false,17,관망
APH,2026-10-02,253,253,253,true,true,55,21,actual-high,atr20,false,95,돌파 대기
APO,2026-10-02,253,253,253,true,true,55,21,actual-high,atr20,false,17,관망
APP,2026-10-02,253,253,253,true,true,55,21,actual-high,atr20,false,0,진입 보류
APTV,2026-10-02,253,253,253,true,true,55,21,actual-high,atr20,false,16,진입 보류
ARE,2026-10-02,253,253,253,true,true,55,21,actual-high,atr20,false,19,관망
ARES,2026-10-02,253,253,253,true,true,55,21,actual-high,atr20,false,19,관망
ATO,2026-10-02,253,253,253,true,true,55,21,actual-high,atr20,false,12,진입 보류
AVGO,2026-10-02,253,253,253,true,true,55,21,actual-high,atr20,false,45,관망
AVY,2026-10-02,253,253,253,true,true,55,21,actual-high,atr20,false,39,관망
AWK,2026-10-02,253,253,253,true,true,55,21,actual-high,atr20,false,23,관망
AXON,2026-10-02,253,253,253,true,true,55,21,actual-high,atr20,false,15,관망
AXP,2026-10-02,253,253,253,true,true,55,21,actual-high,atr20,false,2,진입 보류
AZO,2026-10-02,253,253,253,true,true,55,21,actual-high,atr20,false,7,진입 보류
BA,2026-10-02,253,253,253,true,true,55,21,actual-high,atr20,false,4,진입 보류
BAC,2026-10-02,253,253,253,true,true,55,21,actual-high,atr20,false,15,관망
BALL,2026-10-02,253,253,253,true,true,55,21,actual-high,atr20,false,15,관망
BAX,2026-10-02,253,253,253,true,true,55,21,actual-high,atr20,false,56,관망
BBY,2026-10-02,253,253,253,true,true,55,21,actual-high,atr20,false,70,위험 조절 대기
BDX,2026-10-02,253,253,253,true,true,55,21,actual-high,atr20,false,50,관망
BE,2026-10-02,253,253,253,true,true,55,21,actual-high,atr20,false,91,돌파 대기
BEN,2026-10-02,253,253,253,true,true,55,21,actual-high,atr20,false,46,관망
BF.B,2026-10-02,253,253,253,true,true,55,21,actual-high,atr20,false,38,관망
BG,2026-10-02,253,253,253,true,true,55,21,actual-high,atr20,false,5,진입 보류
BIIB,2026-10-02,253,253,253,true,true,55,21,actual-high,atr20,false,67,눌림목 대기
BKNG,2026-10-02,253,253,253,true,true,55,21,actual-high,atr20,false,25,관망
BKR,2026-10-02,253,253,253,true,true,55,21,actual-high,atr20,false,24,관망
BLK,2026-10-02,253,253,253,true,true,55,21,actual-high,atr20,false,38,관망
BMY,2026-10-02,253,253,253,true,true,55,21,actual-high,atr20,false,46,관망
BNY,2026-10-02,253,253,253,true,true,55,21,actual-high,atr20,false,38,관망
BR,2026-10-02,253,253,253,true,true,55,21,actual-high,atr20,false,10,진입 보류
BRK.B,2026-10-02,253,253,253,true,true,55,21,actual-high,atr20,false,48,관망
BRO,2026-10-02,253,253,253,true,true,55,21,actual-high,atr20,false,15,관망
BSX,2026-10-02,253,253,253,true,true,55,21,actual-high,atr20,false,4,진입 보류
BX,2026-10-02,253,253,253,true,true,55,21,actual-high,atr20,false,15,관망
BXP,2026-10-02,253,253,253,true,true,55,21,actual-high,atr20,false,16,관망
C,2026-10-02,253,253,253,true,true,55,21,actual-high,atr20,false,40,관망
CAH,2026-10-02,253,253,253,true,true,55,21,actual-high,atr20,false,54,관망
CARR,2026-10-02,253,253,253,true,true,55,21,actual-high,atr20,false,15,진입 보류
CASY,2026-10-02,253,253,253,true,true,55,21,actual-high,atr20,false,27,관망
CAT,2026-10-02,253,253,253,true,true,55,21,actual-high,atr20,false,86,눌림목 대기
CB,2026-10-02,253,253,253,true,true,55,21,actual-high,atr20,false,43,관망
CBOE,2026-10-02,253,253,253,true,true,55,21,actual-high,atr20,false,40,관망
CBRE,2026-10-02,253,253,253,true,true,55,21,actual-high,atr20,false,3,진입 보류
CCI,2026-10-02,253,253,253,true,true,55,21,actual-high,atr20,false,0,진입 보류
CCL,2026-10-02,253,253,253,true,true,55,21,actual-high,atr20,false,54,관망
CDNS,2026-10-02,253,253,253,true,true,55,21,actual-high,atr20,false,77,관망
CDW,2026-10-02,253,253,253,true,true,55,21,actual-high,atr20,false,43,관망
CEG,2026-10-02,253,253,253,true,true,55,21,actual-high,atr20,false,10,진입 보류
CF,2026-10-02,253,253,253,true,true,55,21,actual-high,atr20,false,42,관망
CFG,2026-10-02,253,253,253,true,true,55,21,actual-high,atr20,false,17,관망
CHD,2026-10-02,253,253,253,true,true,55,21,actual-high,atr20,false,33,관망
CHRW,2026-10-02,253,253,253,true,true,55,21,actual-high,atr20,false,52,관망
CHTR,2026-10-02,253,253,253,true,true,55,21,actual-high,atr20,false,0,진입 보류
CI,2026-10-02,253,253,253,true,true,55,21,actual-high,atr20,false,9,진입 보류
CIEN,2026-10-02,253,253,253,true,true,55,21,actual-high,atr20,false,72,관망
CINF,2026-10-02,253,253,253,true,true,55,21,actual-high,atr20,false,18,관망
CL,2026-10-02,253,253,253,true,true,55,21,actual-high,atr20,false,18,지지 회복 대기
CLX,2026-10-02,253,253,253,true,true,55,21,actual-high,atr20,false,0,진입 보류
CMCSA,2026-10-02,253,253,253,true,true,55,21,actual-high,atr20,false,1,진입 보류
CME,2026-10-02,253,253,253,true,true,55,21,actual-high,atr20,false,15,진입 보류
CMG,2026-10-02,253,253,253,true,true,55,21,actual-high,atr20,false,5,진입 보류
CMI,2026-10-02,253,253,253,true,true,55,21,actual-high,atr20,false,15,진입 보류
CMS,2026-10-02,253,253,253,true,true,55,21,actual-high,atr20,false,13,진입 보류
CNC,2026-10-02,253,253,253,true,true,55,21,actual-high,atr20,false,43,관망
CNP,2026-10-02,253,253,253,true,true,55,21,actual-high,atr20,false,16,진입 보류
COF,2026-10-02,253,253,253,true,true,55,21,actual-high,atr20,false,18,관망
COHR,2026-10-02,253,253,253,true,true,55,21,actual-high,atr20,false,93,눌림목 대기
COIN,2026-10-02,253,253,253,true,true,55,21,actual-high,atr20,false,36,관망
COO,2026-10-02,253,253,253,true,true,55,21,actual-high,atr20,false,12,진입 보류
COP,2026-10-02,253,253,253,true,true,55,21,actual-high,atr20,false,50,관망
COR,2026-10-02,253,253,253,true,true,55,21,actual-high,atr20,false,12,진입 보류
COST,2026-10-02,253,253,253,true,true,55,21,actual-high,atr20,false,33,진입 보류
CPAY,2026-10-02,253,253,253,true,true,55,21,actual-high,atr20,false,51,관망
CPRT,2026-10-02,253,253,253,true,true,55,21,actual-high,atr20,false,2,진입 보류
CPT,2026-10-02,253,253,253,true,true,55,21,actual-high,atr20,false,0,진입 보류
CRH,2026-10-02,253,253,253,true,true,55,21,actual-high,atr20,false,0,진입 보류
CRL,2026-10-02,253,253,253,true,true,55,21,actual-high,atr20,false,91,눌림목 대기
CRM,2026-10-02,253,253,253,true,true,55,21,actual-high,atr20,false,66,눌림목 대기
CRWD,2026-10-02,253,253,253,true,true,55,21,actual-high,atr20,false,100,위험 조절 대기
CSCO,2026-10-02,253,253,253,true,true,55,21,actual-high,atr20,false,87,위험 조절 대기
CSGP,2026-10-02,253,253,253,true,true,55,21,actual-high,atr20,false,4,진입 보류
CSX,2026-10-02,253,253,253,true,true,55,21,actual-high,atr20,false,56,관망
CTAS,2026-10-02,253,253,253,true,true,55,21,actual-high,atr20,false,50,관망
CTSH,2026-10-02,253,253,253,true,true,55,21,actual-high,atr20,false,16,진입 보류
CTVA,2026-10-02,253,253,253,true,true,55,21,actual-high,atr20,false,15,관망
CVNA,2026-10-02,253,253,253,true,true,55,21,actual-high,atr20,false,4,진입 보류
CVS,2026-10-02,253,253,253,true,true,55,21,actual-high,atr20,false,17,관망
CVX,2026-10-02,253,253,253,true,true,55,21,actual-high,atr20,false,69,눌림목 대기
D,2026-10-02,253,253,253,true,true,55,21,actual-high,atr20,false,18,관망
DAL,2026-10-02,253,253,253,true,true,55,21,actual-high,atr20,false,86,눌림목 대기
DASH,2026-10-02,253,253,253,true,true,55,21,actual-high,atr20,false,44,관망
DD,2026-10-02,253,253,253,true,true,55,21,actual-high,atr20,false,29,진입 보류
DDOG,2026-10-02,253,253,253,true,true,55,21,actual-high,atr20,false,99,추격 주의
DE,2026-10-02,253,253,253,true,true,55,21,actual-high,atr20,false,80,위험 조절 대기
DECK,2026-10-02,253,253,253,true,true,55,21,actual-high,atr20,false,15,진입 보류
DELL,2026-10-02,253,253,253,true,true,55,21,actual-high,atr20,false,87,눌림목 대기
DG,2026-10-02,253,253,253,true,true,55,21,actual-high,atr20,false,9,진입 보류
DGX,2026-10-02,253,253,253,true,true,55,21,actual-high,atr20,false,52,관망
DHI,2026-10-02,253,253,253,true,true,55,21,actual-high,atr20,false,5,진입 보류
DHR,2026-10-02,253,253,253,true,true,55,21,actual-high,atr20,false,81,위험 조절 대기
DIS,2026-10-02,253,253,253,true,true,55,21,actual-high,atr20,false,28,관망
DLR,2026-10-02,253,253,253,true,true,55,21,actual-high,atr20,false,28,관망
DLTR,2026-10-02,253,253,253,true,true,55,21,actual-high,atr20,false,28,관망
DOC,2026-10-02,253,253,253,true,true,55,21,actual-high,atr20,false,36,관망
DOV,2026-10-02,253,253,253,true,true,55,21,actual-high,atr20,false,29,관망
DOW,2026-10-02,253,253,253,true,true,55,21,actual-high,atr20,false,9,진입 보류
DPZ,2026-10-02,253,253,253,true,true,55,21,actual-high,atr20,false,16,진입 보류
DRI,2026-10-02,253,253,253,true,true,55,21,actual-high,atr20,false,23,관망
DTE,2026-10-02,253,253,253,true,true,55,21,actual-high,atr20,false,12,진입 보류
DUK,2026-10-02,253,253,253,true,true,55,21,actual-high,atr20,false,3,진입 보류
DVA,2026-10-02,253,253,253,true,true,55,21,actual-high,atr20,false,44,관망
DVN,2026-10-02,253,253,253,true,true,55,21,actual-high,atr20,false,69,눌림목 대기
DXCM,2026-10-02,253,253,253,true,true,55,21,actual-high,atr20,false,51,관망
EBAY,2026-10-02,253,253,253,true,true,55,21,actual-high,atr20,false,46,관망
ECHO,2026-10-02,253,253,253,true,true,55,21,actual-high,atr20,false,44,관망
ECL,2026-10-02,253,253,253,true,true,55,21,actual-high,atr20,false,26,관망
ED,2026-10-02,253,253,253,true,true,55,21,actual-high,atr20,false,7,진입 보류
EFX,2026-10-02,253,253,253,true,true,55,21,actual-high,atr20,false,0,진입 보류
EG,2026-10-02,253,253,253,true,true,55,21,actual-high,atr20,false,47,관망
EIX,2026-10-02,253,253,253,true,true,55,21,actual-high,atr20,false,16,진입 보류
EL,2026-10-02,253,253,253,true,true,55,21,actual-high,atr20,false,28,관망
ELV,2026-10-02,253,253,253,true,true,55,21,actual-high,atr20,false,42,관망
EME,2026-10-02,253,253,253,true,true,55,21,actual-high,atr20,false,76,관망
EMR,2026-10-02,253,253,253,true,true,55,21,actual-high,atr20,false,97,눌림목 대기
EOG,2026-10-02,253,253,253,true,true,55,21,actual-high,atr20,false,51,관망
EQIX,2026-10-02,253,253,253,true,true,55,21,actual-high,atr20,false,51,관망
EQT,2026-10-02,253,253,253,true,true,55,21,actual-high,atr20,false,6,진입 보류
ERIE,2026-10-02,253,253,253,true,true,55,21,actual-high,atr20,false,1,진입 보류
ES,2026-10-02,253,253,253,true,true,55,21,actual-high,atr20,false,2,진입 보류
ESS,2026-10-02,253,253,253,true,true,55,21,actual-high,atr20,false,50,관망
ETN,2026-10-02,253,253,253,true,true,55,21,actual-high,atr20,false,94,눌림목 대기
ETR,2026-10-02,253,253,253,true,true,55,21,actual-high,atr20,false,15,진입 보류
EVRG,2026-10-02,253,253,253,true,true,55,21,actual-high,atr20,false,33,관망
EW,2026-10-02,253,253,253,true,true,55,21,actual-high,atr20,false,39,관망
EXC,2026-10-02,253,253,253,true,true,55,21,actual-high,atr20,false,2,진입 보류
EXE,2026-10-02,253,253,253,true,true,55,21,actual-high,atr20,false,4,진입 보류
EXPD,2026-10-02,253,253,253,true,true,55,21,actual-high,atr20,false,84,돌파 대기
EXPE,2026-10-02,253,253,253,true,true,55,21,actual-high,atr20,false,42,관망
EXR,2026-10-02,253,253,253,true,true,55,21,actual-high,atr20,false,31,관망
F,2026-10-02,253,253,253,true,true,55,21,actual-high,atr20,false,15,관망
FANG,2026-10-02,253,253,253,true,true,55,21,actual-high,atr20,false,46,관망
FAST,2026-10-02,253,253,253,true,true,55,21,actual-high,atr20,false,92,눌림목 대기
FCX,2026-10-02,253,253,253,true,true,55,21,actual-high,atr20,false,79,위험 조절 대기
FDS,2026-10-02,253,253,253,true,true,55,21,actual-high,atr20,false,46,관망
FDX,2026-10-02,253,253,253,true,true,55,21,actual-high,atr20,false,20,관망
FDXF,2026-10-02,90,90,90,true,true,55,21,actual-high,atr20,false,2,관망
FE,2026-10-02,253,253,253,true,true,55,21,actual-high,atr20,false,2,진입 보류
FERG,2026-10-02,253,253,253,true,true,55,21,actual-high,atr20,false,34,관망
FFIV,2026-10-02,253,253,253,true,true,55,21,actual-high,atr20,false,98,돌파 대기
FICO,2026-10-02,253,253,253,true,true,55,21,actual-high,atr20,false,0,진입 보류
FIS,2026-10-02,253,253,253,true,true,55,21,actual-high,atr20,false,0,진입 보류
FISV,2026-10-02,253,253,253,true,true,55,21,actual-high,atr20,false,0,진입 보류
FITB,2026-10-02,253,253,253,true,true,55,21,actual-high,atr20,false,18,관망
FIX,2026-10-02,253,253,253,true,true,55,21,actual-high,atr20,false,91,눌림목 대기
FLEX,2026-10-02,253,253,253,true,true,55,21,actual-high,atr20,false,86,위험 조절 대기
FOX,2026-10-02,253,253,253,true,true,55,21,actual-high,atr20,false,30,관망
FOXA,2026-10-02,253,253,253,true,true,55,21,actual-high,atr20,false,29,관망
FRT,2026-10-02,253,253,253,true,true,55,21,actual-high,atr20,false,15,관망
FSLR,2026-10-02,253,253,253,true,true,55,21,actual-high,atr20,false,2,진입 보류
FTNT,2026-10-02,253,253,253,true,true,55,21,actual-high,atr20,false,99,돌파 대기
FTV,2026-10-02,253,253,253,true,true,55,21,actual-high,atr20,false,47,관망
GD,2026-10-02,253,253,253,true,true,55,21,actual-high,atr20,false,15,관망
GDDY,2026-10-02,253,253,253,true,true,55,21,actual-high,atr20,false,68,위험 조절 대기
GE,2026-10-02,253,253,253,true,true,55,21,actual-high,atr20,false,28,관망
GEHC,2026-10-02,253,253,253,true,true,55,21,actual-high,atr20,false,17,진입 보류
GEN,2026-10-02,253,253,253,true,true,55,21,actual-high,atr20,false,15,관망
GEV,2026-10-02,253,253,253,true,true,55,21,actual-high,atr20,false,86,눌림목 대기
GILD,2026-10-02,253,253,253,true,true,55,21,actual-high,atr20,false,67,눌림목 대기
GIS,2026-10-02,253,253,253,true,true,55,21,actual-high,atr20,false,0,진입 보류
GL,2026-10-02,253,253,253,true,true,55,21,actual-high,atr20,false,40,관망
GLW,2026-10-02,253,253,253,true,true,55,21,actual-high,atr20,false,87,눌림목 대기
GM,2026-10-02,253,253,253,true,true,55,21,actual-high,atr20,false,24,관망
GNRC,2026-10-02,253,253,253,true,true,55,21,actual-high,atr20,false,73,관망
GOOG,2026-10-02,253,253,253,true,true,55,21,actual-high,atr20,false,58,관망
GOOGL,2026-10-02,253,253,253,true,true,55,21,actual-high,atr20,false,58,관망
GPC,2026-10-02,253,253,253,true,true,55,21,actual-high,atr20,false,44,관망
GPN,2026-10-02,253,253,253,true,true,55,21,actual-high,atr20,false,41,지지 회복 대기
GRMN,2026-10-02,253,253,253,true,true,55,21,actual-high,atr20,false,65,관망
GS,2026-10-02,253,253,253,true,true,55,21,actual-high,atr20,false,15,관망
GWW,2026-10-02,253,253,253,true,true,55,21,actual-high,atr20,false,67,관망
HAL,2026-10-02,253,253,253,true,true,55,21,actual-high,atr20,false,4,진입 보류
HAS,2026-10-02,253,253,253,true,true,55,21,actual-high,atr20,false,53,관망
HBAN,2026-10-02,253,253,253,true,true,55,21,actual-high,atr20,false,1,진입 보류
HCA,2026-10-02,253,253,253,true,true,55,21,actual-high,atr20,false,45,관망
HD,2026-10-02,253,253,253,true,true,55,21,actual-high,atr20,false,0,진입 보류
HIG,2026-10-02,253,253,253,true,true,55,21,actual-high,atr20,false,18,관망
HII,2026-10-02,253,253,253,true,true,55,21,actual-high,atr20,false,15,진입 보류
HLT,2026-10-02,253,253,253,true,true,55,21,actual-high,atr20,false,85,위험 조절 대기
HON,2026-10-02,253,253,253,true,true,55,21,actual-high,atr20,false,34,관망
HONA,2026-10-02,77,77,77,true,true,55,21,actual-high,atr20,false,29,관망
HOOD,2026-10-02,253,253,253,true,true,55,21,actual-high,atr20,false,66,눌림목 대기
HPE,2026-10-02,253,253,253,true,true,55,21,actual-high,atr20,false,100,위험 조절 대기
HPQ,2026-10-02,253,253,253,true,true,55,21,actual-high,atr20,false,71,눌림목 대기
HRL,2026-10-02,253,253,253,true,true,55,21,actual-high,atr20,false,12,진입 보류
HSIC,2026-10-02,253,253,253,true,true,55,21,actual-high,atr20,false,44,관망
HST,2026-10-02,253,253,253,true,true,55,21,actual-high,atr20,false,70,관망
HSY,2026-10-02,253,253,253,true,true,55,21,actual-high,atr20,false,0,진입 보류
HUBB,2026-10-02,253,253,253,true,true,55,21,actual-high,atr20,false,53,관망
HUM,2026-10-02,253,253,253,true,true,55,21,actual-high,atr20,false,63,눌림목 대기
HWM,2026-10-02,253,253,253,true,true,55,21,actual-high,atr20,false,39,관망
IBKR,2026-10-02,253,253,253,true,true,55,21,actual-high,atr20,false,45,관망
IBM,2026-10-02,253,253,253,true,true,55,21,actual-high,atr20,false,6,진입 보류
ICE,2026-10-02,253,253,253,true,true,55,21,actual-high,atr20,false,30,지지 회복 대기
IDXX,2026-10-02,253,253,253,true,true,55,21,actual-high,atr20,false,28,진입 보류
IEX,2026-10-02,253,253,253,true,true,55,21,actual-high,atr20,false,91,눌림목 대기
IFF,2026-10-02,253,253,253,true,true,55,21,actual-high,atr20,false,45,관망
ILMN,2026-10-02,253,253,253,true,true,55,21,actual-high,atr20,false,100,돌파 대기
INCY,2026-10-02,253,253,253,true,true,55,21,actual-high,atr20,false,41,지지 회복 대기
INTC,2026-10-02,253,253,253,true,true,55,21,actual-high,atr20,false,91,눌림목 대기
INTU,2026-10-02,253,253,253,true,true,55,21,actual-high,atr20,false,8,진입 보류
INVH,2026-10-02,253,253,253,true,true,55,21,actual-high,atr20,false,15,지지 회복 대기
IP,2026-10-02,253,253,253,true,true,55,21,actual-high,atr20,false,15,관망
IQV,2026-10-02,253,253,253,true,true,55,21,actual-high,atr20,false,68,눌림목 대기
IR,2026-10-02,253,253,253,true,true,55,21,actual-high,atr20,false,33,관망
IRM,2026-10-02,253,253,253,true,true,55,21,actual-high,atr20,false,58,관망
ISRG,2026-10-02,253,253,253,true,true,55,21,actual-high,atr20,false,48,관망
IT,2026-10-02,253,253,253,true,true,55,21,actual-high,atr20,false,80,눌림목 대기
ITW,2026-10-02,253,253,253,true,true,55,21,actual-high,atr20,false,24,관망
IVZ,2026-10-02,253,253,253,true,true,55,21,actual-high,atr20,false,52,관망
J,2026-10-02,253,253,253,true,true,55,21,actual-high,atr20,false,49,관망
JBHT,2026-10-02,253,253,253,true,true,55,21,actual-high,atr20,false,18,관망
JBL,2026-10-02,253,253,253,true,true,55,21,actual-high,atr20,false,55,관망
JCI,2026-10-02,253,253,253,true,true,55,21,actual-high,atr20,false,99,추격 주의
JKHY,2026-10-02,253,253,253,true,true,55,21,actual-high,atr20,false,4,진입 보류
JNJ,2026-10-02,253,253,253,true,true,55,21,actual-high,atr20,false,41,지지 회복 대기
JPM,2026-10-02,253,253,253,true,true,55,21,actual-high,atr20,false,42,관망
KDP,2026-10-02,253,253,253,true,true,55,21,actual-high,atr20,false,43,관망
KEY,2026-10-02,253,253,253,true,true,55,21,actual-high,atr20,false,16,관망
KEYS,2026-10-02,253,253,253,true,true,55,21,actual-high,atr20,false,100,추격 주의
KHC,2026-10-02,253,253,253,true,true,55,21,actual-high,atr20,false,15,관망
KIM,2026-10-02,253,253,253,true,true,55,21,actual-high,atr20,false,26,관망
KKR,2026-10-02,253,253,253,true,true,55,21,actual-high,atr20,false,17,관망
KLAC,2026-10-02,253,253,253,true,true,55,21,actual-high,atr20,false,89,추격 주의
KMB,2026-10-02,253,253,253,true,true,55,21,actual-high,atr20,false,15,관망
KMI,2026-10-02,253,253,253,true,true,55,21,actual-high,atr20,false,37,관망
KO,2026-10-02,253,253,253,true,true,55,21,actual-high,atr20,false,47,지지 회복 대기
KR,2026-10-02,253,253,253,true,true,55,21,actual-high,atr20,false,31,관망
KVUE,2026-10-02,253,253,253,true,true,55,21,actual-high,atr20,false,15,관망
L,2026-10-02,253,253,253,true,true,55,21,actual-high,atr20,false,32,관망
LDOS,2026-10-02,253,253,253,true,true,55,21,actual-high,atr20,false,10,진입 보류
LEN,2026-10-02,253,253,253,true,true,55,21,actual-high,atr20,false,17,진입 보류
LH,2026-10-02,253,253,253,true,true,55,21,actual-high,atr20,false,49,관망
LHX,2026-10-02,253,253,253,true,true,55,21,actual-high,atr20,false,10,진입 보류
LII,2026-10-02,253,253,253,true,true,55,21,actual-high,atr20,false,14,진입 보류
LIN,2026-10-02,253,253,253,true,true,55,21,actual-high,atr20,false,31,진입 보류
LITE,2026-10-02,253,253,253,true,true,55,21,actual-high,atr20,false,99,위험 조절 대기
LLY,2026-10-02,253,253,253,true,true,55,21,actual-high,atr20,false,55,관망
LMT,2026-10-02,253,253,253,true,true,55,21,actual-high,atr20,false,5,진입 보류
LNT,2026-10-02,253,253,253,true,true,55,21,actual-high,atr20,false,15,진입 보류
LOW,2026-10-02,253,253,253,true,true,55,21,actual-high,atr20,false,0,진입 보류
LRCX,2026-10-02,253,253,253,true,true,55,21,actual-high,atr20,false,94,추격 주의
LULU,2026-10-02,253,253,253,true,true,55,21,actual-high,atr20,false,11,진입 보류
LUV,2026-10-02,253,253,253,true,true,55,21,actual-high,atr20,false,52,관망
LVS,2026-10-02,253,253,253,true,true,55,21,actual-high,atr20,false,0,진입 보류
LYB,2026-10-02,253,253,253,true,true,55,21,actual-high,atr20,false,27,관망
LYV,2026-10-02,253,253,253,true,true,55,21,actual-high,atr20,false,51,관망
MA,2026-10-02,253,253,253,true,true,55,21,actual-high,atr20,false,46,관망
MAA,2026-10-02,253,253,253,true,true,55,21,actual-high,atr20,false,0,진입 보류
MAR,2026-10-02,253,253,253,true,true,55,21,actual-high,atr20,false,89,눌림목 대기
MAS,2026-10-02,253,253,253,true,true,55,21,actual-high,atr20,false,32,관망
MCD,2026-10-02,253,253,253,true,true,55,21,actual-high,atr20,false,0,진입 보류
MCHP,2026-10-02,253,253,253,true,true,55,21,actual-high,atr20,false,75,관망
MCK,2026-10-02,253,253,253,true,true,55,21,actual-high,atr20,false,81,눌림목 대기
MCO,2026-10-02,253,253,253,true,true,55,21,actual-high,atr20,false,15,지지 회복 대기
MDLZ,2026-10-02,253,253,253,true,true,55,21,actual-high,atr20,false,21,관망
MDT,2026-10-02,253,253,253,true,true,55,21,actual-high,atr20,false,25,관망
MET,2026-10-02,253,253,253,true,true,55,21,actual-high,atr20,false,49,관망
META,2026-10-02,253,253,253,true,true,55,21,actual-high,atr20,false,73,관망
MGM,2026-10-02,253,253,253,true,true,55,21,actual-high,atr20,false,15,관망
MKC,2026-10-02,253,253,253,true,true,55,21,actual-high,atr20,false,0,진입 보류
MLM,2026-10-02,253,253,253,true,true,55,21,actual-high,atr20,false,14,진입 보류
MMM,2026-10-02,253,253,253,true,true,55,21,actual-high,atr20,false,46,관망
MNST,2026-10-02,253,253,253,true,true,55,21,actual-high,atr20,false,42,관망
MO,2026-10-02,253,253,253,true,true,55,21,actual-high,atr20,false,23,관망
MOS,2026-10-02,253,253,253,true,true,55,21,actual-high,atr20,false,5,진입 보류
MPC,2026-10-02,253,253,253,true,true,55,21,actual-high,atr20,false,89,돌파 대기
MPWR,2026-10-02,253,253,253,true,true,55,21,actual-high,atr20,false,98,추격 주의
MRK,2026-10-02,253,253,253,true,true,55,21,actual-high,atr20,false,67,눌림목 대기
MRNA,2026-10-02,253,253,253,true,true,55,21,actual-high,atr20,false,89,눌림목 대기
MRSH,2026-10-02,253,253,253,true,true,55,21,actual-high,atr20,false,20,관망
MRVL,2026-10-02,253,253,253,true,true,55,21,actual-high,atr20,false,98,위험 조절 대기
MS,2026-10-02,253,253,253,true,true,55,21,actual-high,atr20,false,15,관망
MSCI,2026-10-02,253,253,253,true,true,55,21,actual-high,atr20,false,5,진입 보류
MSFT,2026-10-02,253,253,253,true,true,55,21,actual-high,atr20,false,95,돌파 대기
MSI,2026-10-02,253,253,253,true,true,55,21,actual-high,atr20,false,47,관망
MTB,2026-10-02,253,253,253,true,true,55,21,actual-high,atr20,false,18,관망
MTD,2026-10-02,253,253,253,true,true,55,21,actual-high,atr20,false,97,눌림목 대기
MU,2026-10-02,253,253,253,true,true,55,21,actual-high,atr20,false,97,돌파 대기
NCLH,2026-10-02,253,253,253,true,true,55,21,actual-high,atr20,false,28,진입 보류
NDAQ,2026-10-02,253,253,253,true,true,55,21,actual-high,atr20,false,28,관망
NDSN,2026-10-02,253,253,253,true,true,55,21,actual-high,atr20,false,97,돌파 대기
NEE,2026-10-02,253,253,253,true,true,55,21,actual-high,atr20,false,2,진입 보류
NEM,2026-10-02,253,253,253,true,true,55,21,actual-high,atr20,false,49,관망
NFLX,2026-10-02,253,253,253,true,true,55,21,actual-high,atr20,false,0,진입 보류
NI,2026-10-02,253,253,253,true,true,55,21,actual-high,atr20,false,15,진입 보류
NKE,2026-10-02,253,253,253,true,true,55,21,actual-high,atr20,false,0,진입 보류
NOC,2026-10-02,253,253,253,true,true,55,21,actual-high,atr20,false,1,진입 보류
NOW,2026-10-02,253,253,253,true,true,55,21,actual-high,atr20,false,69,눌림목 대기
NRG,2026-10-02,253,253,253,true,true,55,21,actual-high,atr20,false,0,진입 보류
NSC,2026-10-02,253,253,253,true,true,55,21,actual-high,atr20,false,66,관망
NTAP,2026-10-02,253,253,253,true,true,55,21,actual-high,atr20,false,100,추격 주의
NTRS,2026-10-02,253,253,253,true,true,55,21,actual-high,atr20,false,41,관망
NUE,2026-10-02,253,253,253,true,true,55,21,actual-high,atr20,false,47,관망
NVDA,2026-10-02,253,253,253,true,true,55,21,actual-high,atr20,false,95,돌파 대기
NVR,2026-10-02,253,253,253,true,true,55,21,actual-high,atr20,false,4,진입 보류
NWS,2026-10-02,253,253,253,true,true,55,21,actual-high,atr20,false,47,관망
NWSA,2026-10-02,253,253,253,true,true,55,21,actual-high,atr20,false,49,관망
NXPI,2026-10-02,253,253,253,true,true,55,21,actual-high,atr20,false,51,관망
O,2026-10-02,253,253,253,true,true,55,21,actual-high,atr20,false,0,진입 보류
ODFL,2026-10-02,253,253,253,true,true,55,21,actual-high,atr20,false,27,진입 보류
OKE,2026-10-02,253,253,253,true,true,55,21,actual-high,atr20,false,43,관망
OMC,2026-10-02,253,253,253,true,true,55,21,actual-high,atr20,false,18,관망
ON,2026-10-02,253,253,253,true,true,55,21,actual-high,atr20,false,74,관망
ORCL,2026-10-02,253,253,253,true,true,55,21,actual-high,atr20,false,13,진입 보류
ORLY,2026-10-02,253,253,253,true,true,55,21,actual-high,atr20,false,22,진입 보류
OTIS,2026-10-02,253,253,253,true,true,55,21,actual-high,atr20,false,0,진입 보류
OXY,2026-10-02,253,253,253,true,true,55,21,actual-high,atr20,false,53,관망
P,2026-10-02,253,253,253,true,true,55,21,actual-high,atr20,false,100,추격 주의
PANW,2026-10-02,253,253,253,true,true,55,21,actual-high,atr20,false,98,돌파 대기
PAYX,2026-10-02,253,253,253,true,true,55,21,actual-high,atr20,false,17,관망
PCAR,2026-10-02,253,253,253,true,true,55,21,actual-high,atr20,false,15,관망
PCG,2026-10-02,253,253,253,true,true,55,21,actual-high,atr20,false,12,진입 보류
PEG,2026-10-02,253,253,253,true,true,55,21,actual-high,atr20,false,13,진입 보류
PEP,2026-10-02,253,253,253,true,true,55,21,actual-high,atr20,false,0,진입 보류
PFE,2026-10-02,253,253,253,true,true,55,21,actual-high,atr20,false,67,눌림목 대기
PFG,2026-10-02,253,253,253,true,true,55,21,actual-high,atr20,false,48,관망
PG,2026-10-02,253,253,253,true,true,55,21,actual-high,atr20,false,12,진입 보류
PGR,2026-10-02,253,253,253,true,true,55,21,actual-high,atr20,false,42,관망
PH,2026-10-02,253,253,253,true,true,55,21,actual-high,atr20,false,72,관망
PHM,2026-10-02,253,253,253,true,true,55,21,actual-high,atr20,false,19,관망
PKG,2026-10-02,253,253,253,true,true,55,21,actual-high,atr20,false,44,관망
PLD,2026-10-02,253,253,253,true,true,55,21,actual-high,atr20,false,18,관망
PLTR,2026-10-02,253,253,253,true,true,55,21,actual-high,atr20,false,98,눌림목 대기
PM,2026-10-02,253,253,253,true,true,55,21,actual-high,atr20,false,49,관망
PNC,2026-10-02,253,253,253,true,true,55,21,actual-high,atr20,false,16,관망
PNR,2026-10-02,253,253,253,true,true,55,21,actual-high,atr20,false,10,진입 보류
PNW,2026-10-02,253,253,253,true,true,55,21,actual-high,atr20,false,30,진입 보류
PODD,2026-10-02,253,253,253,true,true,55,21,actual-high,atr20,false,1,진입 보류
PPG,2026-10-02,253,253,253,true,true,55,21,actual-high,atr20,false,15,진입 보류
PPL,2026-10-02,253,253,253,true,true,55,21,actual-high,atr20,false,15,진입 보류
PRU,2026-10-02,253,253,253,true,true,55,21,actual-high,atr20,false,42,관망
PSA,2026-10-02,253,253,253,true,true,55,21,actual-high,atr20,false,18,관망
PSKY,2026-10-02,253,253,253,true,true,55,21,actual-high,atr20,false,5,진입 보류
PSX,2026-10-02,253,253,253,true,true,55,21,actual-high,atr20,false,85,눌림목 대기
PTC,2026-10-02,253,253,253,true,true,55,21,actual-high,atr20,false,55,관망
PWR,2026-10-02,253,253,253,true,true,55,21,actual-high,atr20,false,93,눌림목 대기
PYPL,2026-10-02,253,253,253,true,true,55,21,actual-high,atr20,false,62,관망
Q,2026-10-02,235,235,235,true,true,55,21,actual-high,atr20,false,88,눌림목 대기
QCOM,2026-10-02,253,253,253,true,true,55,21,actual-high,atr20,false,70,위험 조절 대기
RCL,2026-10-02,253,253,253,true,true,55,21,actual-high,atr20,false,38,관망
RDDT,2026-10-02,253,253,253,true,true,55,21,actual-high,atr20,false,6,진입 보류
REG,2026-10-02,253,253,253,true,true,55,21,actual-high,atr20,false,2,진입 보류
REGN,2026-10-02,253,253,253,true,true,55,21,actual-high,atr20,false,26,관망
RF,2026-10-02,253,253,253,true,true,55,21,actual-high,atr20,false,15,관망
RJF,2026-10-02,253,253,253,true,true,55,21,actual-high,atr20,false,18,관망
RL,2026-10-02,253,253,253,true,true,55,21,actual-high,atr20,false,52,관망
RMD,2026-10-02,253,253,253,true,true,55,21,actual-high,atr20,false,10,진입 보류
ROK,2026-10-02,253,253,253,true,true,55,21,actual-high,atr20,false,90,눌림목 대기
ROL,2026-10-02,253,253,253,true,true,55,21,actual-high,atr20,false,0,진입 보류
ROP,2026-10-02,253,253,253,true,true,55,21,actual-high,atr20,false,20,관망
ROST,2026-10-02,253,253,253,true,true,55,21,actual-high,atr20,false,62,관망
RSG,2026-10-02,253,253,253,true,true,55,21,actual-high,atr20,false,23,관망
RTX,2026-10-02,253,253,253,true,true,55,21,actual-high,atr20,false,17,관망
RVTY,2026-10-02,253,253,253,true,true,55,21,actual-high,atr20,false,100,눌림목 대기
SBAC,2026-10-02,253,253,253,true,true,55,21,actual-high,atr20,false,0,진입 보류
SBUX,2026-10-02,253,253,253,true,true,55,21,actual-high,atr20,false,28,관망
SCHW,2026-10-02,253,253,253,true,true,55,21,actual-high,atr20,false,18,지지 회복 대기
SHW,2026-10-02,253,253,253,true,true,55,21,actual-high,atr20,false,32,관망
SJM,2026-10-02,253,253,253,true,true,55,21,actual-high,atr20,false,44,관망
SLB,2026-10-02,253,253,253,true,true,55,21,actual-high,atr20,false,24,관망
SMCI,2026-10-02,253,253,253,true,true,55,21,actual-high,atr20,false,98,돌파 대기
SNA,2026-10-02,253,253,253,true,true,55,21,actual-high,atr20,false,30,관망
SNDK,2026-10-02,253,253,253,true,true,55,21,actual-high,atr20,false,80,눌림목 대기
SNPS,2026-10-02,253,253,253,true,true,55,21,actual-high,atr20,false,85,관망
SO,2026-10-02,253,253,253,true,true,55,21,actual-high,atr20,false,14,진입 보류
SOLV,2026-10-02,253,253,253,true,true,55,21,actual-high,atr20,false,52,관망
SOXX,2026-10-02,253,253,253,true,true,55,21,actual-high,atr20,false,95,추격 주의
SPG,2026-10-02,253,253,253,true,true,55,21,actual-high,atr20,false,28,관망
SPGI,2026-10-02,253,253,253,true,true,55,21,actual-high,atr20,false,0,진입 보류
SPY,2026-10-02,253,253,253,true,true,55,21,actual-high,atr20,false,78,눌림목 대기
SRE,2026-10-02,253,253,253,true,true,55,21,actual-high,atr20,false,3,진입 보류
STE,2026-10-02,253,253,253,true,true,55,21,actual-high,atr20,false,16,진입 보류
STLD,2026-10-02,253,253,253,true,true,55,21,actual-high,atr20,false,47,관망
STT,2026-10-02,253,253,253,true,true,55,21,actual-high,atr20,false,42,관망
STX,2026-10-02,253,253,253,true,true,55,21,actual-high,atr20,false,60,관망
STZ,2026-10-02,253,253,253,true,true,55,21,actual-high,atr20,false,0,진입 보류
SW,2026-10-02,253,253,253,true,true,55,21,actual-high,atr20,false,20,관망
SWK,2026-10-02,253,253,253,true,true,55,21,actual-high,atr20,false,66,관망
SWKS,2026-10-02,253,253,253,true,true,55,21,actual-high,atr20,false,76,위험 조절 대기
SYF,2026-10-02,253,253,253,true,true,55,21,actual-high,atr20,false,20,관망
SYK,2026-10-02,253,253,253,true,true,55,21,actual-high,atr20,false,12,진입 보류
SYY,2026-10-02,253,253,253,true,true,55,21,actual-high,atr20,false,20,관망
T,2026-10-02,253,253,253,true,true,55,21,actual-high,atr20,false,14,진입 보류
TDG,2026-10-02,253,253,253,true,true,55,21,actual-high,atr20,false,14,진입 보류
TDY,2026-10-02,253,253,253,true,true,55,21,actual-high,atr20,false,48,관망
TECH,2026-10-02,253,253,253,true,true,55,21,actual-high,atr20,false,77,위험 조절 대기
TEL,2026-10-02,253,253,253,true,true,55,21,actual-high,atr20,false,82,관망
TER,2026-10-02,253,253,253,true,true,55,21,actual-high,atr20,false,100,추격 주의
TFC,2026-10-02,253,253,253,true,true,55,21,actual-high,atr20,false,16,관망
TGT,2026-10-02,253,253,253,true,true,55,21,actual-high,atr20,false,67,눌림목 대기
TJX,2026-10-02,253,253,253,true,true,55,21,actual-high,atr20,false,30,관망
TKO,2026-10-02,253,253,253,true,true,55,21,actual-high,atr20,false,3,진입 보류
TMO,2026-10-02,253,253,253,true,true,55,21,actual-high,atr20,false,85,눌림목 대기
TMUS,2026-10-02,253,253,253,true,true,55,21,actual-high,atr20,false,2,진입 보류
TPL,2026-10-02,253,253,253,true,true,55,21,actual-high,atr20,false,5,진입 보류
TPR,2026-10-02,253,253,253,true,true,55,21,actual-high,atr20,false,27,진입 보류
TRGP,2026-10-02,253,253,253,true,true,55,21,actual-high,atr20,false,66,위험 조절 대기
TRMB,2026-10-02,253,253,253,true,true,55,21,actual-high,atr20,false,18,진입 보류
TROW,2026-10-02,253,253,253,true,true,55,21,actual-high,atr20,false,51,관망
TRV,2026-10-02,253,253,253,true,true,55,21,actual-high,atr20,false,50,관망
TSCO,2026-10-02,253,253,253,true,true,55,21,actual-high,atr20,false,8,진입 보류
TSLA,2026-10-02,253,253,253,true,true,55,21,actual-high,atr20,false,38,관망
TSN,2026-10-02,253,253,253,true,true,55,21,actual-high,atr20,false,25,진입 보류
TT,2026-10-02,253,253,253,true,true,55,21,actual-high,atr20,false,89,눌림목 대기
TTWO,2026-10-02,253,253,253,true,true,55,21,actual-high,atr20,false,29,관망
TXN,2026-10-02,253,253,253,true,true,55,21,actual-high,atr20,false,93,추격 주의
TXT,2026-10-02,253,253,253,true,true,55,21,actual-high,atr20,false,16,진입 보류
TYL,2026-10-02,253,253,253,true,true,55,21,actual-high,atr20,false,9,진입 보류
UAL,2026-10-02,253,253,253,true,true,55,21,actual-high,atr20,false,67,관망
UBER,2026-10-02,253,253,253,true,true,55,21,actual-high,atr20,false,4,진입 보류
UDR,2026-10-02,253,253,253,true,true,55,21,actual-high,atr20,false,10,진입 보류
UHS,2026-10-02,253,253,253,true,true,55,21,actual-high,atr20,false,38,관망
ULTA,2026-10-02,253,253,253,true,true,55,21,actual-high,atr20,false,35,관망
UNH,2026-10-02,253,253,253,true,true,55,21,actual-high,atr20,false,39,관망
UNP,2026-10-02,253,253,253,true,true,55,21,actual-high,atr20,false,56,관망
UPS,2026-10-02,253,253,253,true,true,55,21,actual-high,atr20,false,1,진입 보류
URI,2026-10-02,253,253,253,true,true,55,21,actual-high,atr20,false,92,눌림목 대기
USB,2026-10-02,253,253,253,true,true,55,21,actual-high,atr20,false,17,관망
V,2026-10-02,253,253,253,true,true,55,21,actual-high,atr20,false,46,관망
VEEV,2026-10-02,253,253,253,true,true,55,21,actual-high,atr20,false,80,눌림목 대기
VICI,2026-10-02,253,253,253,true,true,55,21,actual-high,atr20,false,0,진입 보류
VLO,2026-10-02,253,253,253,true,true,55,21,actual-high,atr20,false,89,돌파 대기
VLTO,2026-10-02,253,253,253,true,true,55,21,actual-high,atr20,false,49,관망
VMC,2026-10-02,253,253,253,true,true,55,21,actual-high,atr20,false,13,진입 보류
VMRK,2026-10-02,253,253,253,true,true,55,21,actual-high,atr20,false,16,관망
VRSK,2026-10-02,253,253,253,true,true,55,21,actual-high,atr20,false,1,진입 보류
VRSN,2026-10-02,253,253,253,true,true,55,21,actual-high,atr20,false,54,관망
VRT,2026-10-02,253,253,253,true,true,55,21,actual-high,atr20,false,29,진입 보류
VRTX,2026-10-02,253,253,253,true,true,55,21,actual-high,atr20,false,40,관망
VST,2026-10-02,253,253,253,true,true,55,21,actual-high,atr20,false,18,진입 보류
VTR,2026-10-02,253,253,253,true,true,55,21,actual-high,atr20,false,16,관망
VTRS,2026-10-02,253,253,253,true,true,55,21,actual-high,atr20,false,91,눌림목 대기
VZ,2026-10-02,253,253,253,true,true,55,21,actual-high,atr20,false,26,관망
WAB,2026-10-02,253,253,253,true,true,55,21,actual-high,atr20,false,77,관망
WAT,2026-10-02,253,253,253,true,true,55,21,actual-high,atr20,false,82,눌림목 대기
WBD,2026-10-02,253,253,253,true,true,55,21,actual-high,atr20,false,99,추격 주의
WDAY,2026-10-02,253,253,253,true,true,55,21,actual-high,atr20,false,66,눌림목 대기
WDC,2026-10-02,253,253,253,true,true,55,21,actual-high,atr20,false,49,관망
WEC,2026-10-02,253,253,253,true,true,55,21,actual-high,atr20,false,15,진입 보류
WELL,2026-10-02,253,253,253,true,true,55,21,actual-high,atr20,false,44,관망
WFC,2026-10-02,253,253,253,true,true,55,21,actual-high,atr20,false,17,관망
WM,2026-10-02,253,253,253,true,true,55,21,actual-high,atr20,false,2,진입 보류
WMB,2026-10-02,253,253,253,true,true,55,21,actual-high,atr20,false,24,관망
WMT,2026-10-02,253,253,253,true,true,55,21,actual-high,atr20,false,9,진입 보류
WRB,2026-10-02,253,253,253,true,true,55,21,actual-high,atr20,false,59,관망
WSM,2026-10-02,253,253,253,true,true,55,21,actual-high,atr20,false,75,관망
WST,2026-10-02,253,253,253,true,true,55,21,actual-high,atr20,false,80,눌림목 대기
WTW,2026-10-02,253,253,253,true,true,55,21,actual-high,atr20,false,20,관망
WY,2026-10-02,253,253,253,true,true,55,21,actual-high,atr20,false,0,진입 보류
WYNN,2026-10-02,253,253,253,true,true,55,21,actual-high,atr20,false,0,진입 보류
XEL,2026-10-02,253,253,253,true,true,55,21,actual-high,atr20,false,15,진입 보류
XOM,2026-10-02,253,253,253,true,true,55,21,actual-high,atr20,false,81,위험 조절 대기
XYL,2026-10-02,253,253,253,true,true,55,21,actual-high,atr20,false,3,진입 보류
XYZ,2026-10-02,253,253,253,true,true,55,21,actual-high,atr20,false,40,관망
YUM,2026-10-02,253,253,253,true,true,55,21,actual-high,atr20,false,2,진입 보류
ZBH,2026-10-02,253,253,253,true,true,55,21,actual-high,atr20,false,20,관망
ZBRA,2026-10-02,253,253,253,true,true,55,21,actual-high,atr20,false,97,돌파 대기
ZTS,2026-10-02,253,253,253,true,true,55,21,actual-high,atr20,false,4,진입 보류
