symbol,sector,pattern,signalAt,entryAt,entry,qty,stop,target,exitAt,exit,exitReason,net,entryFee,exitFee,bars
MCO,Financials,channel55,1506974400000,1507037400000,140.15000450134275,14,141.35000610351562,,1509739200000,141.2086560974121,stop,10.882101096588377,1.9621000630187986,1.9769211853637694,24
DELL,Information Technology,channel55,1506974400000,1507037400000,21.90928325462341,91,22.580585479736328,,1510779600000,22.55800489425659,stop,54.98714598507133,1.9937447761707303,2.0527784453773497,32
XYZ,Financials,channel55,1510779600000,1510842600000,40.990950763702386,32,37.88929996490479,,1511989200000,37.851410664939884,stop,-102.98823872611662,1.3117104244384763,1.2112451412780763,9
IBKR,Financials,channel55,1511989200000,1512052200000,14.376862690925597,145,13.843749713897704,,1512162000000,13.829905964183807,stop,-83.39870683255043,2.0846450901842113,2.0053363648066522,2
ISRG,Health Care,channel55,1509739200000,1509978600000,127.84104646301269,16,125.66666412353516,,1512421200000,125.54099745941163,stop,-40.85489676037575,2.045456743408203,2.008655959350586,20
TDY,Information Technology,channel55,1506974400000,1507037400000,163.34317266845702,12,177.3300018310547,,1513026000000,177.15267182922364,stop,161.62803979522727,1.9601180720214844,2.1258320619506836,49
FDS,Financials,channel55,1512162000000,1512397800000,202.95274999999998,9,195.99199523925782,,1513693800000,185.86395304870607,stop gap,-157.29852288908359,1.8265747499999998,1.6727755774383546,11
TKO,Communication Services,channel55,1513026000000,1513089000000,30.750719312667844,66,29.524000930786134,,1513953000000,29.350619161605835,stop gap,-96.37329830939467,2.0295474746360775,1.9371408646659853,8
HII,Industrials,channel55,1506974400000,1507037400000,231.64141366577147,8,232.58999633789062,,1514926800000,232.35740634155275,stop,2.015950846191644,1.8531313093261719,1.858859250732422,63
LEN,Consumer Discretionary,channel55,1514926800000,1514989800000,62.976755088806144,30,61.08422088623047,,1517432400000,61.02313666534424,stop,-62.32854945648164,1.8893026526641843,1.8306940999603272,20
AKAM,Information Technology,channel55,1513630800000,1513693800000,65.93587274932861,29,64.18000030517578,,1517864400000,64.11582030487061,stop,-56.55301998785377,1.9121403097305296,1.8593587888412477,32
LULU,Consumer Discretionary,channel55,1513890000000,1513953000000,77.79772122192382,24,76.44999694824219,,1517927400000,75.58434365844727,stop gap,-56.80223108056624,1.8671453093261716,1.8140242478027344,29
TKO,Communication Services,channel55,1517432400000,1517495400000,35.31527877807617,52,33.727999687194824,,1517927400000,33.54642182922363,stop gap,-95.56136977191153,1.836394496459961,1.7444139351196288,3
IBKR,Financials,channel55,1512421200000,1512484200000,14.744729541778563,138,14.975000381469727,,1518210000000,14.960025381088256,stop,25.611569645382026,2.0347726767654417,2.0644835025901793,46
ANET,Information Technology,channel55,1518642000000,1518705000000,19.144125,55,17.389693164825438,,1518791400000,16.108875,stop gap,-168.8776649999999,1.0529268749999998,0.8859881250000001,1
CSCO,Information Technology,channel55,1518728400000,1518791400000,43.93388938903808,38,42.75,,1521835200000,42.70725,stop,-49.90466008023037,1.6694877967834472,1.6228755000000001,25
LHX,Industrials,channel55,1506974400000,1507037400000,133.13299999999998,15,150.0500030517578,,1522071000000,158.67117182922362,SPY below SMA200,378.69551486091626,1.9969949999999996,2.3800675774383544,119
TPR,Consumer Discretionary,channel55,1517950800000,1518013800000,48.97893030548095,40,49.45000076293945,,1522071000000,52.1278203048706,SPY below SMA200,121.91132995117204,1.9591572122192382,2.085112812194824,32
FTNT,Information Technology,channel55,1517950800000,1518013800000,9.345336442947387,189,9.815999984741211,,1522071000000,10.76122831249237,SPY below SMA200,263.80342260522383,1.766268587717056,2.033872151061058,32
NOC,Industrials,channel55,1518642000000,1518705000000,353.34298022460933,4,334.3999938964844,,1522071000000,349.65,SPY below SMA200,-17.583892819335865,1.4133719208984374,1.3985999999999998,26
PODD,Health Care,channel55,1522094400000,1522157400000,87.4273363342285,17,81.97599487304687,,1522762200000,85.45446091461181,SPY below SMA200,-36.47787268671392,1.4862647176818846,1.452725835548401,4
LHX,Industrials,channel55,1522094400000,1522157400000,163.0428848876953,12,155.6590103149414,,1522762200000,160.13970304870605,SPY below SMA200,-38.7163731231077,1.9565146186523434,1.9216764365844727,4
LULU,Consumer Discretionary,channel55,1522267200000,1522330200000,86.87679091644286,16,81.0739990234375,,1522762200000,87.35256243896484,SPY below SMA200,4.824674706665176,1.3900286546630858,1.3976409990234375,2
BR,Industrials,channel55,1522353600000,1522675800000,109.2191106109619,18,105.63200073242187,,1522762200000,109.0008906097412,SPY below SMA200,-7.855920043945265,1.9659439909973144,1.9620160309753416,1
EL,Consumer Staples,channel55,1522353600000,1522675800000,149.57942266845703,13,144.77899932861328,,1522762200000,148.41143756103514,SPY below SMA200,-19.057687579467895,1.9445324946899414,1.929348688293457,1
TJX,Consumer Discretionary,channel55,1522958400000,1523021400000,42.337293167114254,46,40.92199974060058,,1523453400000,40.814144542694095,stop gap,-73.88980285797851,1.9475154856872559,1.8774506489639284,3
NOC,Industrials,channel55,1522958400000,1523021400000,357.05671221923825,5,343.1619934082031,,1524600000000,342.8188314147949,stop,-74.68878174038699,1.7852835610961912,1.7140941570739745,13
EL,Consumer Staples,channel55,1522872000000,1522935000000,151.1009469451904,13,145.28099822998047,,1524686400000,145.13571723175048,stop,-81.39906290901925,1.964312310287475,1.886764324012756,15
TPR,Consumer Discretionary,channel55,1522958400000,1523021400000,53.56350831985473,37,51.856999206542966,,1525181400000,46.82312893295288,stop gap,-253.10834289372235,1.9818498078346252,1.7324557705192567,17
CSGP,Real Estate,channel55,1524600000000,1524663000000,38.20516681671142,51,36.46939888000488,,1525204800000,36.43292948112487,stop,-94.19064702610349,1.9484635076522823,1.8580794035373687,5
LULU,Consumer Discretionary,channel55,1525118400000,1525181400000,99.54944694519043,18,96.56700210571289,,1525464000000,96.47043510360717,stop,-58.950571025376895,1.7918900450134276,1.7364678318649291,4
NTAP,Information Technology,channel55,1523390400000,1523453400000,65.47541366577148,26,66.20999908447266,,1527168600000,63.936,stop gap,-43.389452065368644,1.7023607553100586,1.662336,31
NRG,Utilities,channel55,1525464000000,1525699800000,33.613581832885735,51,32.84000015258789,,1528488000000,32.8071601524353,stop,-44.51496354422351,1.7142926734771724,1.6731651677742005,24
WAB,Industrials,channel55,1528488000000,1528723800000,102.7126106109619,17,98.79800338745117,,1529956800000,98.69920538406372,stop,-71.6518897291846,1.7461143803863524,1.6778864915290834,11
NDAQ,Financials,channel55,1524686400000,1524749400000,29.47945076370239,66,30.536666870117188,,1530043200000,30.50613020324707,stop,63.801794666130405,1.9456437504043578,2.0134045934143066,43
EXR,Real Estate,channel55,1529956800000,1530019800000,100.1,17,96.9520034790039,,1531512000000,96.8550514755249,stop,-58.51236079116048,1.7016999999999998,1.6465358750839234,13
PSA,Real Estate,channel55,1530043200000,1530106200000,229.2189954986572,8,222.44900360107422,,1531857600000,222.22655459747315,stop,-59.55109161024136,1.8337519639892577,1.7778124367797852,14
LULU,Consumer Discretionary,channel55,1527105600000,1527168600000,105.16505755615233,19,122.47000122070312,,1532462400000,122.34753121948242,stop,322.1442604165346,1.9981360935668944,2.3246030931701664,42
BIIB,Health Care,channel55,1532462400000,1532525400000,374.4741061096191,4,351.4649932861328,,1532611800000,340.1595,stop gap,-140.11695886291483,1.4978964244384763,1.360638,1
LYV,Communication Services,channel55,1531512000000,1531747800000,51.67161893081664,36,49.44200057983399,,1532721600000,49.39255857925415,stop,-85.68448304661227,1.8601782815093992,1.7781321088531494,10
VRSN,Information Technology,channel55,1532548800000,1532611800000,150.45030305480955,14,146.53600158691407,,1532980800000,146.38946558532714,stop,-61.007481333715624,2.1063042427673335,2.04945251819458,3
AXON,Industrials,channel55,1522785600000,1522848600000,41.951909847259515,46,65.48999786376953,,1533735000000,63.12680862808227,stop gap,969.211722867981,1.9297878529739378,2.9038331968917848,88
FIX,Industrials,channel55,1532721600000,1532957400000,54.70465152740478,33,55.20000076293945,,1537300800000,55.144800762176516,stop,10.89989282191117,1.8052535004043577,1.8197784251518252,36
ROL,Industrials,channel55,1537300800000,1537363800000,28.47288910102844,78,27.854223251342773,,1537387200000,27.82636902809143,stop,-54.81990782315799,2.220885349880218,2.1704567841911317,1
BRK-B,Financials,channel55,1537387200000,1537450200000,222.00177877807616,9,217.15399322509765,,1537992000000,216.93683923187254,stop,-49.5349034779221,1.9980160090026855,1.9524315530868528,5
ROST,Consumer Discretionary,channel55,1537992000000,1538055000000,99.4693727493286,22,95.92999801635742,,1538596800000,95.83406801834106,stop,-84.27337977861467,2.1883262004852293,2.108349496403503,5
TPL,Energy,channel55,1525204800000,1525267800000,65.74012055206298,23,90.88999938964844,,1539201600000,90.79910939025879,stop,572.7563409898304,1.5120227726974487,2.088379515975952,113
TKO,Communication Services,channel55,1531857600000,1531920600000,80.68059847259521,19,83.9000015258789,,1539201600000,83.81610152435303,stop,56.44912068345662,1.5329313709793089,1.5925059289627075,60
WST,Health Care,channel55,1533672000000,1533735000000,116.06594694519042,18,115.94999694824219,,1539201600000,115.83404695129394,stop,-8.348399780273295,2.0891870450134276,2.0850128451232908,45
BALL,Materials,channel55,1538596800000,1538659800000,45.32527877807617,49,43.956999969482425,,1539201600000,43.913042969512944,stop,-73.57223238522987,2.2209386601257326,2.1517391055061346,5
LLY,Health Care,channel55,1532980800000,1533043800000,98.34825,21,104.22000122070312,,1539351000000,108.891,SPY below SMA200,217.04572575000026,2.0653132499999995,2.2867110000000004,52
PEG,Utilities,channel55,1539201600000,1539264600000,54.67461893081664,39,52.65299911499024,,1539351000000,53.5364101524353,SPY below SMA200,-48.6103724911191,2.132310138301849,2.0879199959449766,1
AES,Utilities,channel55,1539720000000,1539783000000,15.395380114555357,138,14.73299961090088,,1539892800000,14.718266611289978,stop,-97.59734669878884,2.1245624558086393,2.031120792358017,2
MKC,Consumer Staples,channel55,1539806400000,1539869400000,69.08901663970947,30,66.26750030517579,,1539955800000,69.18574225616454,SPY below SMA200,-1.2464742732239795,2.0726704991912843,2.0755722676849366,1
PCG,Utilities,channel55,1539806400000,1539869400000,48.97893030548095,43,46.97999954223633,,1539955800000,48.19176167678833,SPY below SMA200,-38.026590789020204,2.1060940031356807,2.072245752101898,1
SBUX,Consumer Discretionary,channel55,1541624400000,1541687400000,67.84777877807616,30,64.8300048828125,,1542119400000,67.87206243896485,SPY below SMA200,-3.343085409850689,2.035433363342285,2.0361618731689455,3
MKC,Consumer Staples,channel55,1541624400000,1541687400000,75.07499999999999,27,71.9454963684082,,1542119400000,74.43049225616456,SPY below SMA200,-21.43835737447314,2.0270249999999996,2.009623290916443,3
CIEN,Information Technology,channel55,1541624400000,1541687400000,34.64461061096191,52,32.732998275756835,,1542119400000,33.52644137191773,SPY below SMA200,-61.689695133407376,1.8015197517700194,1.7433749513397219,3
WMT,Consumer Staples,channel55,1541624400000,1541687400000,34.811445217132565,60,33.53166675567627,,1542119400000,34.522110660552976,SPY below SMA200,-21.520086747436515,2.088686713027954,2.071326639633179,3
MCD,Consumer Discretionary,channel55,1541624400000,1541687400000,184.47428327941893,11,176.90700073242186,,1542119400000,183.75606243896485,SPY below SMA200,-11.950963047897105,2.029217116073608,2.021316686828613,3
MKC,Consumer Staples,channel55,1543870800000,1543933800000,75.88580755615233,27,73.1180030822754,,1544106600000,75.77414847564697,SPY below SMA200,-7.109613986503351,2.048916804016113,2.045902008842468,1
CI,Health Care,channel55,1543870800000,1543933800000,225.6754469451904,9,215.45699157714844,,1544106600000,215.82395329284668,SPY below SMA200,-92.63693747323582,2.0310790225067135,1.9424155796356202,1
PNW,Utilities,channel55,1543870800000,1543933800000,90.47037725067138,22,87.19800338745117,,1544106600000,90.44946091461182,SPY below SMA200,-4.440395832946479,1.9903482995147703,1.98988814012146,1
ES,Utilities,channel55,1543870800000,1543933800000,69.03897122192382,30,66.63099555969238,,1544106600000,69.17075786590576,SPY below SMA200,-0.1926925531766952,2.0711691366577143,2.075122735977173,1
WELL,Real Estate,channel55,1543870800000,1543933800000,72.6926227493286,28,70.11200180053712,,1544106600000,71.98793756103515,SPY below SMA200,-23.78224096090688,2.035393436981201,2.015662251708984,1
KEYS,Information Technology,channel55,1550005200000,1550068200000,79.05898336029051,24,75.26000213623047,,1552311000000,84.21570304870606,SPY below SMA200,119.84268004815728,1.8974156006469722,2.0211768731689452,17
ERIE,Financials,channel55,1550005200000,1550068200000,160.26010610961913,12,153.4459991455078,,1552311000000,179.5802345123291,SPY below SMA200,227.76345674505626,1.9231212733154297,2.1549628141479493,17
TDG,Industrials,channel55,1550005200000,1550068200000,433.07265466308587,4,415.45001220703125,,1552311000000,423.3362497558594,SPY below SMA200,-42.37125524658167,1.7322906186523435,1.6933449990234377,17
NOW,Information Technology,channel55,1550005200000,1550068200000,47.047,33,44.42399978637695,,1552311000000,47.054899188995364,SPY below SMA200,-2.8446894363897357,1.552551,1.552811673236847,17
A,Health Care,channel55,1550005200000,1550068200000,77.44737274932861,26,74.76000213623047,,1552311000000,78.20171878051758,SPY below SMA200,15.5661204311373,2.013631691482544,2.033244688293457,17
AES,Utilities,channel55,1552334400000,1552397400000,18.017999999999997,117,17.709999084472656,,1555531200000,17.692289085388182,stop,-42.286280832572736,2.108106,2.0699978229904175,27
ZBRA,Information Technology,channel55,1552334400000,1552397400000,210.76055305480955,8,209.5,,1556740800000,209.2905,stop,-15.120832862914797,1.6860844244384765,1.6743240000000001,36
MAR,Consumer Discretionary,channel55,1555531200000,1555594200000,136.87674549865721,16,132.3000030517578,,1557495000000,130.7491248779297,stop gap,-102.32394385766582,2.1900279279785155,2.091985998046875,15
DELL,Information Technology,channel55,1556740800000,1556803800000,34.72298175048828,60,33.24734001159668,,1557518400000,33.21409267158508,stop,-94.60956919951653,2.0833789050292966,1.9928455602951047,7
CDNS,Information Technology,channel55,1552334400000,1552397400000,60.059999999999995,35,64.37999725341797,,1558618200000,64.14578908538819,stop gap,138.65541537059815,2.1021,2.2451026179885867,51
SJM,Consumer Staples,channel55,1557432000000,1557495000000,125.9758484725952,16,122.84599990844727,,1559160000000,122.72315390853882,stop,-56.02229706300029,2.0156135755615234,1.963570462536621,13
APD,Materials,channel55,1552334400000,1552397400000,184.60441816711423,11,199.4600067138672,,1559568600000,203.97581268310546,SPY below SMA200,208.81095713655108,2.0306485998382566,2.24373393951416,57
SO,Utilities,channel55,1552334400000,1552397400000,51.49143862533569,40,52.15999984741211,,1559568600000,53.4465,SPY below SMA200,74.00493744155901,2.059657545013428,2.1378600000000003,57
HSY,Consumer Staples,channel55,1557518400000,1557754200000,126.31619244384764,16,122.67899780273437,,1559568600000,131.79806268310546,SPY below SMA200,83.5800957460938,2.0210590791015624,2.1087690029296873,14
CSGP,Real Estate,channel55,1558555200000,1558618200000,52.47442288589477,41,50.482998275756835,,1559568600000,51.13981089019775,SPY below SMA200,-58.96727540839749,2.1514513383216856,2.096732246498108,6
VEEV,Health Care,channel55,1559246400000,1559309400000,152.55239389038084,10,142.97300567626954,,1559568600000,154.70514060974122,SPY below SMA200,18.454891848602575,1.5255239389038084,1.547051406097412,1
APD,Materials,channel55,1559678400000,1559741400000,215.11489389038084,9,221.38999938964844,,1564084800000,221.16860939025878,stop,50.55688796937569,1.9360340450134277,1.990517484512329,36
BR,Industrials,channel55,1559678400000,1559741400000,126.88676213836669,16,128.07000732421875,,1564603200000,127.94193731689452,stop,12.805543665161144,2.030188194213867,2.0470709970703123,40
LDOS,Industrials,channel55,1559678400000,1559741400000,78.54847122192382,27,79.51000213623047,,1565035200000,79.43049213409424,stop,19.549132617988803,2.120808722991943,2.1446232876205444,43
TTWO,Communication Services,channel55,1564084800000,1564147800000,120.35023336029052,17,114.3220001220703,,1565035200000,114.20767812194823,stop,-108.41092354701686,2.0459539671249387,1.94153052807312,7
EIX,Utilities,channel55,1564603200000,1564666200000,74.47440152740478,30,71.43000030517578,,1567713600000,71.35857030487061,stop,-97.84992583099333,2.2342320458221434,2.140757109146118,25
HSY,Consumer Staples,channel55,1559678400000,1559741400000,133.82369244384765,16,152.0500030517578,,1568145600000,151.89795304870606,stop,284.6166233498537,2.1411790791015624,2.430367248779297,68
PODD,Health Care,channel55,1565121600000,1565184600000,141.24110610961912,14,145.60000610351562,,1568145600000,145.45440609741212,stop,54.97246265820347,1.977375485534668,2.0363616853637696,24
ZTS,Health Care,channel55,1565121600000,1565184600000,120.67055305480956,18,121.52999877929688,,1568232000000,121.40846878051758,stop,8.925060669708488,2.172069954986572,2.1853524380493163,25
WRB,Financials,channel55,1559678400000,1559741400000,28.099182790756224,76,31.177778244018555,,1568664000000,31.146600465774537,stop,227.10106377389545,2.135537892097473,2.367141635398865,72
STX,Information Technology,channel55,1568145600000,1568208600000,55.265209083557124,40,52.676001358032224,,1568923200000,52.623325356674194,stop,-109.99089045292648,2.210608363342285,2.104933014266968,7
DVA,Health Care,channel55,1568664000000,1568727000000,63.263200763702386,31,59.9099983215332,,1568923200000,59.850088323211665,stop,-109.62299761690669,1.9611592236747741,1.8553527380195618,3
GNRC,Industrials,channel55,1568232000000,1568295000000,82.99291366577148,24,78.71599578857422,,1569268800000,78.63727979278565,stop,-108.41433759466538,1.9918299279785157,1.8872947150268555,8
JBHT,Industrials,channel55,1568145600000,1568208600000,115.81569694519041,18,110.06599731445313,,1569960000000,109.95593131713868,stop,-109.5396706136531,2.0846825450134276,1.9792067637084962,15
WDC,Information Technology,channel55,1567713600000,1567776600000,46.9857128829956,33,43.65230598449707,,1570046400000,43.608653678512574,stop,-114.43256784446962,1.5505285251388548,1.439085571390915,19
DHI,Consumer Discretionary,channel55,1569268800000,1569331800000,52.242188625335686,41,50.599998474121094,,1572465600000,50.549398475646974,stop,-73.61885120837746,2.1419297336387633,2.072525337501526,27
LEN,Consumer Discretionary,channel55,1570046400000,1570109400000,56.17422113037109,37,56.214908599853516,,1572987600000,56.15869369125366,stop,-4.730833095744929,2.0784461818237303,2.0778716665763857,24
O,Real Estate,channel55,1570132800000,1570195800000,75.50177980804443,27,74.87403106689453,,1572987600000,74.79915703582763,stop,-23.028940144638113,2.0385480548171997,2.019577239967346,23
TER,Information Technology,channel55,1568923200000,1568986200000,59.06900831985473,32,61.41999816894531,,1575383400000,61.10882817077637,stop gap,61.42854446179224,1.8902082662353514,1.9554825014648438,51
NDSN,Industrials,channel55,1572987600000,1573050600000,163.42325450134277,13,161.2899932861328,,1576184400000,161.12870329284667,stop,-34.04834116177379,2.124502308517456,2.0946731428070064,26
VICI,Real Estate,channel55,1572465600000,1572528600000,24.013989770889278,91,24.15999984741211,,1576530000000,24.135839847564696,stop,6.70672248218375,2.185273069150924,2.1963614261283873,32
HRL,Consumer Staples,channel55,1575320400000,1575383400000,45.225180305480954,46,44.150001525878906,,1577998800000,44.10585152435303,stop,-55.59835139605697,2.080358294052124,2.0288691701202395,21
SHW,Materials,channel55,1568923200000,1568986200000,184.2407278137207,11,189.18333435058594,,1578061800000,188.25822386169435,stop gap,40.0949680592806,2.0266480059509275,2.0708404624786376,72
SW,Materials,channel55,1576530000000,1576593000000,37.99795908355713,57,37.50600051879883,,1578493800000,36.92303908538818,stop gap,-65.54093679125971,2.1658836677627566,2.1046132278671266,14
STT,Financials,channel55,1576184400000,1576247400000,80.38030305480956,26,78.76000213623047,,1579899600000,78.68124213409423,stop,-48.31118411350997,2.089887879425049,2.04571229548645,28
JBL,Information Technology,channel55,1572987600000,1573050600000,39.02899168014526,54,40.66999816894531,,1580394600000,40.42953121948242,stop gap,71.33837488762676,2.107565550727844,2.1831946858520506,57
CMG,Consumer Discretionary,channel55,1577998800000,1578061800000,17.08186506271362,119,17.028200149536133,,1580936400000,17.011171949386597,stop,-12.469551890355845,2.0327419424629207,2.024329461977005,23
LLY,Health Care,channel55,1580936400000,1580999400000,147.8877454986572,15,142.1499984741211,,1581345000000,141.3585,stop gap,-102.27737616233813,2.218316182479858,2.1203775,2
SO,Utilities,channel55,1579899600000,1580135400000,69.47941366577147,31,68.04500350952148,,1582209000000,67.48245304870605,stop gap,-66.15159699717701,2.1538618236389158,2.0919560445098875,17
NVDA,Information Technology,channel55,1582146000000,1582209000000,7.827069356918334,270,7.404049825668335,,1582318800000,7.396645775842667,stop,-120.32476997627553,2.1133087263679498,1.9970943594775201,2
FERG,Industrials,channel55,1581109200000,1581345000000,96.67658183288573,23,94.53499984741211,,1582554600000,94.25564847564698,stop gap,-60.07290851358755,2.223561382156372,2.1678799149398804,9
DLR,Real Estate,channel55,1582318800000,1582554600000,137.1169757232666,16,133.212003326416,,1582664400000,133.0787913230896,stop,-68.9340826755735,2.1938716115722654,2.129260661169434,2
ACGL,Financials,channel55,1577998800000,1578061800000,43.20315984725951,49,43.54999923706055,,1582813800000,43.156800762176516,stop gap,-6.503233238929236,2.116954832515716,2.1146832373466493,37
HPQ,Information Technology,channel55,1582664400000,1582727400000,23.5235,92,22.395999336242674,,1582813800000,22.237740228652953,stop gap,-122.49993306496425,2.1641619999999997,2.0458721010360716,1
SBAC,Real Estate,channel55,1582318800000,1582554600000,296.09578778076167,7,281.9869873046875,,1582837200000,281.7050003173828,stop,-104.78011776033891,2.0726705144653317,1.9719350022216797,4
TSLA,Consumer Discretionary,channel55,1578430800000,1578493800000,31.61157992362976,45,37.82866668701172,,1582900200000,41.93801954269409,SPY below SMA200,461.3800508819105,1.4225210965633392,1.8872108794212343,35
BRO,Financials,channel55,1580331600000,1580394600000,44.76472122192382,49,43.77599868774414,,1582900200000,42.78717182922363,stop gap,-101.18996300181554,2.1934713398742676,2.0965714196319576,20
KR,Consumer Staples,channel55,1583355600000,1583418600000,30.6806496181488,62,29.145999145507812,,1583505000000,32.68728121948242,SPY below SMA200,120.48234757075151,1.9022002763252257,2.02661143560791,1
CIEN,Information Technology,channel55,1590609600000,1590672600000,56.056,25,52.17200050354004,,1591968600000,53.18676167678833,SPY below SMA200,-74.46202712221142,1.4014,1.3296690419197081,11
TSCO,Consumer Discretionary,channel55,1590609600000,1590672600000,24.154129159927365,64,22.62899990081787,,1591968600000,24.025949237823486,SPY below SMA200,-11.2870400321043,1.5458642662353514,1.5376607512207032,11
ODFL,Industrials,channel55,1590609600000,1590672600000,83.1730863342285,20,78.28099822998047,,1591968600000,79.81010939025879,SPY below SMA200,-70.519202793884,1.6634617266845702,1.5962021878051758,11
DG,Consumer Staples,channel55,1590609600000,1590672600000,186.18599999999998,11,179.04800109863282,,1591968600000,190.05975,SPY below SMA200,38.472546750000326,2.048046,2.0906572500000005,11
FAST,Industrials,channel55,1590609600000,1590672600000,20.360340152740477,84,19.202000427246094,,1591968600000,20.719259771347044,SPY below SMA200,26.698561569328284,1.7102685728302,1.7404178207931518,11
SMCI,Information Technology,channel55,1592251200000,1592314200000,3.1561531164646146,373,2.891299915313721,,1593201600000,2.888408615398407,stop,-102.12332042368034,1.1772451124413013,1.077376413543606,9
PYPL,Financials,channel55,1592337600000,1592400600000,163.0028363342285,8,151.18889465332032,,1593437400000,171.30851573181153,SPY below SMA200,63.770944364135836,1.3040226906738281,1.3704681258544922,8
ADSK,Information Technology,channel55,1592337600000,1592400600000,242.53228327941892,5,223.24899139404297,,1593437400000,232.2974687805176,SPY below SMA200,-53.54822125480633,1.2126614163970946,1.1614873439025881,8
DHR,Health Care,channel55,1592337600000,1592400600000,156.18439445495605,11,147.5975112915039,,1593437400000,153.50768508911133,SPY below SMA200,-32.850415899276605,1.7180283390045166,1.6885845359802247,8
LOW,Consumer Discretionary,channel55,1592424000000,1592487000000,135.3552212219238,12,127.77899475097657,,1593437400000,130.23962512207032,SPY below SMA200,-64.57429135436982,1.6242626546630858,1.5628755014648439,7
EBAY,Consumer Discretionary,channel55,1593547200000,1593610200000,52.76270908355713,27,53.70000076293945,,1598904000000,53.646300762176516,stop,20.983932056888698,1.4245931452560423,1.448450120578766,43
MAS,Industrials,channel55,1593547200000,1593610200000,50.490438625335685,30,56.79999923706055,,1599163200000,56.74319923782349,stop,184.3658092387394,1.5147131587600706,1.7022959771347046,46
CDNS,Information Technology,channel55,1593547200000,1593610200000,95.79569694519041,18,104.68000030517578,,1599249600000,104.5753203048706,stop,154.42654216374228,1.7243225450134276,1.8823557654876708,47
WST,Health Care,channel55,1593547200000,1593610200000,227.77755305480954,6,261.6000061035156,,1599249600000,261.33840609741213,stop,198.43042250070218,1.3666653183288573,1.5680304365844726,47
TMO,Health Care,channel55,1593547200000,1593610200000,364.1237697753906,5,401.2200012207031,,1599249600000,400.81878121948245,stop,179.65034446548486,1.820618848876953,2.0040939060974123,47
UPS,Industrials,channel55,1598904000000,1598967000000,163.2931348876953,13,156.1919967651367,,1599249600000,156.03580476837158,stop,-98.49656776673712,2.1228107535400387,2.0284654619888305,4
STZ,Consumer Staples,channel55,1599249600000,1599571800000,190.29010610961913,11,185.16200561523436,,1600459200000,184.97684360961912,stop,-62.5738239469117,2.0931911672058106,2.0347452797058105,9
CAT,Industrials,channel55,1599681600000,1599744600000,152.16200450134275,14,145.78400421142578,,1600718400000,145.63822020721435,stop,-95.50218326371747,2.1302680630187982,2.038935082901001,8
FTV,Industrials,channel55,1599681600000,1599744600000,48.10056945419311,41,45.664834594726564,,1600718400000,45.61916976013184,stop,-105.57989676429956,1.9721233476219178,1.8703859601654054,8
EXR,Real Estate,channel55,1599681600000,1599744600000,110.53041816711425,19,106.50000076293945,,1600718400000,106.39350076217652,stop,-82.72298515347346,2.1000779451751703,2.021476514481354,8
GPC,Consumer Discretionary,channel55,1599681600000,1599744600000,100.07998336029051,21,95.5209976196289,,1600891200000,95.42547662200927,stop,-101.85025616353437,2.101679650566101,2.003935009062195,10
UPS,Industrials,channel55,1601323200000,1601386200000,168.97880755615233,10,165.5,,1603891800000,162.99684365844726,stop gap,-63.13939548919671,1.6897880755615233,1.6299684365844727,21
TGT,Consumer Staples,channel55,1601323200000,1601386200000,156.90675,12,155.8699951171875,,1603891800000,154.75509365844727,stop gap,-29.559818222534044,1.8828809999999998,1.8570611239013672,21
NKE,Consumer Discretionary,channel55,1600891200000,1600954200000,126.56644244384765,15,123.58999633789062,,1603915200000,123.46640634155274,stop,-50.25103426620463,1.898496636657715,1.8519960951232912,25
DG,Consumer Staples,channel55,1600459200000,1600695000000,207.12691816711424,10,209.55999755859375,,1604088000000,209.35043756103516,stop,18.070420381927747,2.071269181671142,2.0935043756103515,30
ROL,Industrials,channel55,1603915200000,1603978200000,41.18781414794921,44,39.012664794921875,,1604088000000,38.97365213012695,stop,-100.95023330041484,1.8122638225097654,1.714840693725586,2
BG,Consumer Staples,channel55,1603915200000,1603978200000,58.3683113746643,25,54.558000564575195,,1604523600000,54.50344256401062,stop,-99.44351411480895,1.4592077843666076,1.3625860641002656,5
PWR,Industrials,channel55,1604350800000,1604413800000,67.01694694519043,20,62.211996459960936,,1604523600000,62.14978446350098,stop,-99.92658426196279,1.3403389389038085,1.2429956892700196,2
CPRT,Industrials,channel55,1604523600000,1604586600000,30.6806496181488,50,28.791248893737794,,1605646800000,28.762457644844055,stop,-98.88175402838682,1.53403248090744,1.4381228822422027,9
ELV,Health Care,channel55,1604523600000,1604586600000,329.0487212219238,4,307.4619842529297,,1605906000000,307.15452226867677,stop,-90.12160878695056,1.3161948848876952,1.2286180890747072,12
GNRC,Industrials,channel55,1603915200000,1603978200000,219.11889389038083,5,208.5800018310547,,1606942800000,208.37142182922364,stop,-55.874811884384,1.0955944694519042,1.0418571091461182,24
AIZ,Financials,channel55,1604350800000,1604413800000,130.62049549865722,13,129.0399932861328,,1608584400000,128.91095329284667,stop,-25.5979575098267,1.698066441482544,1.6758423928070068,34
FERG,Industrials,channel55,1606942800000,1607005800000,113.78366816711424,17,118.5,,1611757800000,116.96292182922363,stop gap,50.12462022592186,1.9343223588409422,1.9883696710968017,36
DVA,Health Care,channel55,1608584400000,1608647400000,116.11599999999999,17,114,,1612276200000,113.886,stop gap,-41.82003399999983,1.9739719999999998,1.936062,27
RVTY,Health Care,channel55,1601409600000,1601472600000,123.77365152740477,13,140.27000427246094,,1612386000000,140.12973426818849,stop,209.19833161484567,1.609057469856262,1.8216865454864504,87
COHR,Information Technology,channel55,1605906000000,1606141800000,65.94587725067137,15,83.94000244140625,,1614114000000,83.85606243896484,stop,266.4057487290575,0.9891881587600706,1.2578409365844727,62
CPT,Real Estate,channel55,1612213200000,1612276200000,105.37526663970947,18,100.12999725341797,,1614891600000,100.02986725616455,stop,-99.9144813139342,1.8967547995147704,1.800537610610962,22
MU,Information Technology,channel55,1605646800000,1605709800000,61.561499999999995,30,81.8499984741211,,1616679000000,81.05885939025879,stop gap,580.642170926056,1.8468449999999998,2.431765781707764,86
WBD,Communication Services,channel55,1611694800000,1611757800000,40.48043862533569,40,51.060001373291016,,1616788800000,51.00894137191772,stop,417.48053466339127,1.6192175450134276,2.040357654876709,42
JPM,Financials,channel55,1614114000000,1614177000000,150.2601106109619,15,148.9600067138672,,1618948800000,148.8110467071533,stop,-26.222025916900623,2.2539016591644288,2.2321657006073,39
ELV,Health Care,channel55,1616616000000,1616679000000,361.8314712219238,5,388.3800048828125,,1623182400000,387.99162487792967,stop,127.05165279953019,1.8091573561096188,1.9399581243896482,52
TSN,Consumer Staples,channel55,1614891600000,1614954600000,72.33226213836669,29,76.37000274658203,,1623331800000,77.50242182922364,20-session channel exit,145.58942519979138,2.0976356020126343,2.2475702330474854,67
RJF,Financials,channel55,1612386000000,1612449000000,70.4770762863159,26,85.66666412353516,,1623960000000,85.58099745941162,stop,388.64444058309965,1.8324039834442136,2.225105933944702,93
NUE,Materials,channel55,1616788800000,1617024600000,80.07999999999998,17,97.3499984741211,,1623960000000,97.25264847564698,stop,288.92036906191294,1.3613599999999997,1.6532950240859987,57
IRM,Real Estate,channel55,1618948800000,1619011800000,39.529491680145256,58,43,,1624910400000,42.957,stop,194.0112660341268,2.292710517448425,2.4915059999999998,48
ANET,Information Technology,channel55,1623268800000,1623331800000,22.50435634040832,111,22.339374542236328,,1626724800000,22.31703516769409,stop,-25.767824628679033,2.497983553785324,2.4771909036140443,27
KR,Consumer Staples,channel55,1626724800000,1626787800000,41.05100831985473,61,39.508999252319335,,1626984000000,39.469490253067015,stop,-101.38435248699888,2.5041115075111384,2.407638905437088,3
TGT,Consumer Staples,channel55,1626984000000,1627047000000,258.03777877807613,9,250.81300659179686,,1629293400000,248.7410154876709,stop gap,-88.23187876203886,2.3223400090026853,2.238669139389038,18
CPT,Real Estate,channel55,1623182400000,1623245400000,132.73260610961913,18,142.74000549316406,,1629835200000,142.5972654876709,stop,172.60793111618088,2.3891869099731444,2.5667507787780766,54
WAT,Health Care,channel55,1623960000000,1624023000000,345.38504855346673,6,395.6700134277344,,1631908800000,395.27434341430666,stop,294.89181281323295,2.0723102913208002,2.37164606048584,64
FTNT,Information Technology,channel55,1623960000000,1624023000000,47.44740152740478,51,57.25199890136719,,1632168000000,57.19474690246582,stop,491.77786455818983,2.419817477897644,2.916932092025757,65
WST,Health Care,channel55,1624910400000,1624973400000,363.3029424438476,6,437.6199951171875,,1632835800000,436.9226253662109,stop gap,436.9167441273196,2.179817654663086,2.6215357521972655,63
BX,Financials,channel55,1629835200000,1629898200000,118.41830305480956,22,121.41999816894531,,1632835800000,120.01985939025879,stop gap,29.988599806091592,2.60520266720581,2.640436906585693,23
TMO,Health Care,channel55,1631908800000,1632144600000,593.2826924438476,4,573.1439758300781,,1632859200000,572.570831854248,stop,-87.51085645559081,2.3731307697753907,2.2902833274169923,7
MPWR,Information Technology,channel55,1632340800000,1632403800000,508.43792266845696,5,485.3349975585937,,1632945600000,484.84966256103513,stop,-122.90773846325662,2.5421896133422845,2.424248312805176,5
HLT,Consumer Discretionary,channel55,1632772800000,1632835800000,138.3682257232666,19,132.80600204467774,,1633032000000,132.67319604263307,stop,-113.35535094558905,2.6289962887420653,2.5207907248100283,3
AIG,Financials,channel55,1632772800000,1632835800000,57.137081832885734,46,54.81299896240235,,1633118400000,54.75818596343994,stop,-114.5763923131374,2.6283057643127434,2.518876554318237,4
AZO,Consumer Discretionary,channel55,1632945600000,1633008600000,1729.0673057861327,1,1670.0180053710938,,1633118400000,1668.3479873657227,stop,-64.11673371356184,1.7290673057861328,1.6683479873657228,2
IT,Information Technology,channel55,1629230400000,1629293400000,309.4391348876953,8,302.20001220703125,,1633377600000,301.8978121948242,stop,-65.22127711962865,2.475513079101562,2.4151824975585936,33
CBRE,Real Estate,channel55,1633118400000,1633354200000,100.2201227493286,25,96.35699768066407,,1633550400000,96.26064068298341,stop,-103.89907074443751,2.505503068733215,2.406516017074585,3
FOXA,Communication Services,channel55,1633377600000,1633440600000,41.70165984725951,52,40.099998474121094,,1635537600000,40.059898475646975,stop,-89.62319235664316,2.1684863120574946,2.0831147207336427,19
MOS,Materials,channel55,1633118400000,1633354200000,38.10806969451904,43,37.099998474121094,,1635883200000,37.062898475646975,stop,-48.174714042815864,1.6386469968643187,1.5937046344528198,22
COP,Energy,channel55,1632859200000,1632922200000,67.69762725067137,34,71.45999908447266,,1636727400000,71.51840634155273,20-session channel exit,125.1731439478306,2.3017193265228264,2.431625815612793,32
HIG,Financials,channel55,1633550400000,1633613400000,73.20312725067137,32,70.69999694824219,,1637269200000,70.62929695129395,stop,-86.96520715454032,2.342500072021484,2.2601375024414065,31
CRM,Information Technology,channel55,1635537600000,1635773400000,301.8015,8,291.7200012207031,,1637701200000,291.4282812194824,stop,-87.73158849389635,2.414412,2.3314262497558595,17
LYV,Communication Services,channel55,1635883200000,1635946200000,106.4463363342285,23,102.28200073242188,,1637960400000,102.17971873168946,stop,-102.9306041249141,2.4482657356872557,2.350133530828858,17
DLTR,Consumer Staples,channel55,1637701200000,1637764200000,146.4162742767334,10,134.59000625610352,,1638306000000,134.45541624984742,stop,-122.41729717412552,1.4641627427673338,1.3445541624984743,4
COST,Consumer Staples,channel55,1638219600000,1638282600000,551.5509999999999,4,535.8200042724609,,1638392400000,535.2841842681885,stop,-69.41460366431855,2.2062039999999996,2.141136737072754,2
DVN,Energy,channel55,1633118400000,1633354200000,37.537499999999994,34,39.90999984741211,,1638478800000,39.8700898475647,stop,76.67619676238277,1.2762749999999998,1.3555830548171999,43
FDS,Financials,channel55,1636664400000,1636727400000,456.4860287780761,5,452.29998779296875,,1640120400000,451.8476878051758,stop,-27.733373447417875,2.2824301438903802,2.259238439025879,27
MRVL,Information Technology,channel55,1638565200000,1638801000000,83.59351213836669,18,81.58000183105469,,1641825000000,81.02889060974121,stop gap,-49.12639076472458,1.5046832184906005,1.4585200309753419,24
UNP,Industrials,channel55,1641589200000,1641825000000,254.78452877807615,9,246.9809997558594,,1641934800000,246.73401875610352,stop,-76.96825712556127,2.2930607590026852,2.220606168804932,2
ED,Utilities,channel55,1638565200000,1638801000000,81.08099999999999,30,82.4000015258789,,1642021200000,82.31760152435302,stop,32.19608768486044,2.43243,2.469528045730591,27
ON,Information Technology,channel55,1637269200000,1637332200000,63.16309847259521,29,59.93000030517578,,1642626000000,59.87007030487061,stop,-99.06577875855992,1.8317298557052613,1.7362320388412478,41
AFL,Financials,channel55,1642021200000,1642084200000,63.68361893081664,38,61.15299949645996,,1642798800000,61.091846496963505,stop,-103.22882017267486,2.4199775193710327,2.3214901668846135,6
GIS,Consumer Staples,channel55,1638565200000,1638801000000,64.42436061096191,37,64.58000183105469,,1643034600000,68.91102335357667,SPY below SMA200,161.07311227005798,2.383701342605591,2.5497078640823365,33
VST,Utilities,channel55,1640120400000,1640183400000,21.831809465408323,102,21.700000762939453,,1643034600000,21.4785,stop gap,-40.45521703712058,2.226844565471649,2.1908070000000004,21
MCK,Health Care,channel55,1641934800000,1641997800000,254.8546061096191,9,245.26800384521485,,1643034600000,244.12562512207032,stop gap,-101.05165096902435,2.293691454986572,2.197130626098633,7
SO,Utilities,channel55,1643662800000,1643725800000,69.29923336029051,34,66.90699768066406,,1644526800000,66.8400906829834,stop,-88.23958804591318,2.3561739342498775,2.272563083221436,8
MKC,Consumer Staples,channel55,1643662800000,1643725800000,100.58048336029051,23,95.79699935913087,,1644849000000,100.85903908538819,SPY below SMA200,1.773672660995917,2.313351117286682,2.3197578989639283,9
ED,Utilities,channel55,1643662800000,1643725800000,86.85676663970946,27,82.9809959411621,,1644849000000,84.28563274383545,SPY below SMA200,-74.04145997195405,2.3451326992721557,2.2757120840835574,9
EOG,Energy,channel55,1643662800000,1643725800000,110.29018030548094,15,102.98200607299805,,1644849000000,115.89399213409423,SPY below SMA200,80.66441484260571,1.6543527045822142,1.7384098820114133,9
WMB,Energy,channel55,1643662800000,1643725800000,29.81979091644287,77,28.38700065612793,,1644849000000,30.679289085388184,SPY below SMA200,61.52292984864827,2.296123900566101,2.36230525957489,9
FOXA,Communication Services,channel55,1644526800000,1644589800000,43.99395076370239,40,41.18429832458496,,1644849000000,43.3665898475647,SPY below SMA200,-28.58885826995827,1.7597580305480955,1.7346635939025878,1
ABBV,Health Care,channel55,1644958800000,1645021800000,144.88474549865722,16,138.7599884033203,,1645194600000,144.54531243896486,SPY below SMA200,-10.061809882079842,2.3181559279785158,2.3127249990234375,2
PM,Consumer Staples,channel55,1644958800000,1645021800000,109.77966816711425,21,105.75399627685547,,1645194600000,111.3885,SPY below SMA200,29.140936959091164,2.3053730315093994,2.3391585,2
MAR,Consumer Discretionary,channel55,1644958800000,1645021800000,178.48830755615234,11,168.975,,1645194600000,177.40242182922364,SPY below SMA200,-15.859541019454772,1.9633713831176756,1.95142664012146,2
EG,Financials,channel55,1644958800000,1645021800000,300.2399424438476,7,284.8660095214844,,1645194600000,301.5681251220703,SPY below SMA200,5.0846222745972955,2.101679597106933,2.110976875854492,2
BKNG,Consumer Discretionary,channel55,1645045200000,1645108200000,106.69899199676513,19,100.93368148803711,,1645194600000,104.89580028533936,SPY below SMA200,-38.28094357044957,2.027280847938538,1.9930202054214479,1
WRB,Financials,channel55,1647979200000,1648042200000,43.87494301986694,49,41.62088737487793,,1648128600000,43.05024086380005,SPY below SMA200,-44.66973965757735,2.1498722079734804,2.1094618023262024,1
AIZ,Financials,channel55,1647979200000,1648042200000,179.22905305480955,13,171.41199340820313,,1648128600000,179.3205,SPY below SMA200,-3.4723339022366075,2.3299776897125244,2.3311665,1
HWM,Industrials,channel55,1647979200000,1648042200000,37.12709015274047,40,34.36300048828125,,1648128600000,36.883078170776365,SPY below SMA200,-12.72088601150495,1.4850836061096189,1.4753231268310547,1
DE,Industrials,channel55,1647979200000,1648042200000,423.57314389038083,3,394.1999908447266,,1648128600000,430.00956243896485,SPY below SMA200,16.74850752676401,1.2707194316711425,1.2900286873168947,1
CTSH,Information Technology,channel55,1647979200000,1648042200000,92.86276663970946,24,88.27900543212891,,1648128600000,91.07882817077636,SPY below SMA200,-47.22912152984609,2.2287063993530274,2.1858918760986326,1
BG,Consumer Staples,channel55,1648152000000,1648215000000,114.2040863342285,16,107.40699920654296,,1648584000000,107.29959220733642,stop,-114.01596488693848,1.827265381347656,1.7167934753173828,3
ADM,Consumer Staples,channel55,1648152000000,1648215000000,90.48038938903808,21,85.3220001220703,,1649338200000,92.73717182922363,SPY below SMA200,43.54486245831297,1.9000881771698,1.9474806084136962,9
TRGP,Energy,channel55,1648152000000,1648215000000,73.11304091644287,23,68.28199653625488,,1649338200000,76.81310939025879,SPY below SMA200,81.65327344071197,1.6815999410781861,1.7667015159759523,9
BMY,Health Care,channel55,1648152000000,1648215000000,72.57249999999999,32,69.9740005493164,,1649338200000,75.30461725616455,SPY below SMA200,82.69568444506855,2.32232,2.4097477521972657,9
CTVA,Materials,channel55,1648152000000,1648215000000,58.578520458221426,32,55.14940147399902,,1649338200000,58.16178121948242,SPY below SMA200,-17.07134529333469,1.8745126546630857,1.8611769990234375,9
SRE,Utilities,channel55,1648584000000,1648647000000,82.68760836029051,28,79.45750122070312,,1649338200000,84.03088286590577,SPY below SMA200,32.94356840289365,2.3152530340881343,2.3528647202453614,6
MCK,Health Care,channel55,1649361600000,1649424600000,321.3410090026855,7,308.58002014160155,,1649683800000,326.36331243896484,SPY below SMA200,30.622193803863855,2.2493870630187986,2.284543187072754,1
BMY,Health Care,channel55,1649361600000,1649424600000,76.89681969451904,30,74.90200271606446,,1649683800000,77.62229695129395,SPY below SMA200,17.128744203872866,2.306904590835571,2.3286689085388184,1
ADM,Consumer Staples,channel55,1649361600000,1649424600000,95.16506969451903,18,89.17500381469726,,1649683800000,96.81309365844727,SPY below SMA200,26.208824410354904,1.7129712545013427,1.742635685852051,1
EXC,Utilities,channel55,1649361600000,1649424600000,50.16011061096191,46,48.32200050354004,,1649683800000,49.88007030487061,SPY below SMA200,-17.483702402328156,2.307365088104248,2.2944832340240477,1
AIZ,Financials,channel55,1649361600000,1649424600000,187.28710610961912,12,179.36600189208986,,1649683800000,186.98282817077637,SPY below SMA200,-8.142574477477684,2.2474452733154293,2.243793938049316,1
MRK,Health Care,channel55,1669842000000,1669905000000,109.85974999999999,21,105.91200180053711,,1670337000000,110.2496406097412,SPY below SMA200,3.565405601760953,2.30705475,2.3152424528045654,3
ACGL,Financials,channel55,1669842000000,1669905000000,60.52045908355712,34,57.30999946594238,,1670337000000,59.17076954269409,SPY below SMA200,-49.95894616263564,2.057695608840942,2.011806164451599,3
ORLY,Consumer Discretionary,channel55,1669842000000,1669905000000,57.99526948547363,40,55.36373443603516,,1670337000000,55.944,SPY below SMA200,-86.60835019836395,2.319810779418945,2.23776,3
GL,Financials,channel55,1669842000000,1669905000000,120.7306106109619,19,115.12999801635742,,1670337000000,118.64124213409424,SPY below SMA200,-44.24606626264165,2.293881601608276,2.254183600547791,3
ROST,Consumer Discretionary,channel55,1669842000000,1669905000000,118.16805305480956,13,109.8949981689453,,1670337000000,117.58229695129394,SPY below SMA200,-10.679583895782418,1.5361846897125242,1.5285698603668214,3
WYNN,Consumer Discretionary,channel55,1673643600000,1673965800000,99.29919694519042,19,93.65299835205079,,1674138600000,98.06184365844726,SPY below SMA200,-27.259572219589113,1.886684741958618,1.863175029510498,2
GE,Industrials,channel55,1673643600000,1673965800000,63.84670375823974,36,60.917870712280276,,1674138600000,62.14051029968262,SPY below SMA200,-65.95850421414166,2.2984813352966307,2.2370583707885743,2
CAT,Industrials,channel55,1673643600000,1673965800000,259.11884533691403,8,248.06499328613282,,1674138600000,250.22951573181152,SPY below SMA200,-75.18942372936995,2.0729507626953123,2.001836125854492,2
LVS,Consumer Discretionary,channel55,1673643600000,1673965800000,54.57452045822143,41,51.898000717163086,,1674138600000,54.38555862808227,SPY below SMA200,-12.214798278243867,2.237555338787079,2.229807903751373,2
CRH,Materials,channel55,1673643600000,1673965800000,45.295249999999996,51,43.784999465942384,,1674138600000,44.53542182922363,SPY below SMA200,-43.332600972885075,2.31005775,2.2713065132904053,2
SW,Materials,channel55,1674507600000,1674570600000,43.77372954177856,52,41.97200088500976,,1674657000000,41.76819137191772,stop gap,-108.7361647202756,2.276233936172485,2.1719459513397217,1
FICO,Information Technology,channel55,1674507600000,1674570600000,653.7731151123046,2,611.6790161132812,,1674680400000,611.067337097168,stop,-87.94123693469217,1.3075462302246093,1.222134674194336,2
ACGL,Financials,channel55,1674680400000,1674743400000,65.19512725067138,34,62.78800163269043,,1675371600000,62.72521363105774,stop,-88.32635465684238,2.216634326522827,2.1326572634559633,6
IDXX,Health Care,channel55,1674507600000,1674570600000,492.86236511230464,3,464.0030120849609,,1675717200000,463.53900907287596,stop,-90.83927224084161,1.478587095336914,1.3906170272186278,10
AME,Industrials,channel55,1675717200000,1675780200000,145.94580305480955,15,141.46699981689454,,1677186000000,141.32553281707766,stop,-73.61312360405661,2.1891870458221434,2.119882992256165,12
TPR,Consumer Discretionary,channel55,1674507600000,1674570600000,44.18413938903808,48,42.119998931884766,,1677272400000,42.07787893295288,stop,-105.24107877154528,2.120838690673828,2.0197381887817385,23
PCAR,Industrials,channel55,1674594000000,1674657000000,73.94053536987303,30,71.84666442871094,,1677272400000,71.77481776428223,stop,-69.34298876174864,2.218216061096191,2.153244532928467,22
OMC,Communication Services,channel55,1675371600000,1675434600000,91.83173786163329,24,89.87999725341797,,1678309200000,89.79011725616455,stop,-53.35781905407683,2.2039617086791985,2.1549628141479493,23
LVS,Consumer Discretionary,channel55,1674507600000,1674570600000,55.03497954177856,40,55.400001525878906,,1678458600000,55.97396878051758,SPY below SMA200,33.11921161666892,2.2013991816711425,2.238958751220703,32
ACGL,Financials,channel55,1677186000000,1677249000000,68.45838938903808,31,65.79499664306641,,1678458600000,68.03189847564697,SPY below SMA200,-17.452417238929527,2.1222100710601803,2.1089888527450564,10
FIX,Industrials,channel55,1677272400000,1677508200000,147.94780305480955,11,138.9219985961914,,1678458600000,144.855,SPY below SMA200,-37.24166443650812,1.6274258336029053,1.593405,9
LIN,Materials,channel55,1677272400000,1677508200000,346.59624999999994,6,331.5139984130859,,1678458600000,345.84381243896485,SPY below SMA200,-8.669265740844354,2.0795774999999996,2.075062874633789,9
ANET,Information Technology,channel55,1678309200000,1678372200000,37.234695819854736,44,34.88479881286621,,1678458600000,37.06789454269409,SPY below SMA200,-10.608570171020494,1.6383266160736085,1.63098735987854,1
WST,Health Care,channel55,1678996800000,1679059800000,336.1858561096191,5,315.777001953125,,1679319000000,329.69996878051757,SPY below SMA200,-35.758865769958476,1.6809292805480958,1.648499843902588,1
CDNS,Information Technology,channel55,1678996800000,1679059800000,206.98677877807614,10,198.49700622558595,,1679319000000,206.793,SPY below SMA200,-6.075585568542131,2.0698677877807614,2.0679300000000005,1
NVDA,Information Technology,channel55,1678996800000,1679059800000,26.0079823513031,41,23.505399894714355,,1679319000000,25.589384771347046,SPY below SMA200,-19.277992830226832,1.066327276403427,1.049164775625229,1
PNW,Utilities,channel55,1679342400000,1679405400000,79.74966816711425,25,75.7370002746582,,1679515200000,75.66126327438354,stop,-106.09539560430514,1.9937417041778562,1.8915315818595886,2
PODD,Health Care,channel55,1679342400000,1679405400000,318.68836511230467,3,292.9349853515625,,1679578200000,317.9117809753418,SPY below SMA200,-4.239552849151542,0.9560650953369141,0.9537353429260255,2
ANET,Information Technology,channel55,1679428800000,1679491800000,41.93188938903808,45,39.71077537536621,,1679578200000,42.037921829223635,SPY below SMA200,0.9928183035280185,1.8869350225067139,1.8917064823150636,1
PANW,Information Technology,channel55,1679428800000,1679491800000,97.1970984725952,18,91.80400390625,,1679578200000,96.60329695129394,SPY below SMA200,-14.176834501052667,1.7495477725067135,1.738859345123291,1
DRI,Consumer Discretionary,channel55,1679428800000,1679491800000,151.8516969451904,13,146.25999450683594,,1679578200000,151.68815634155274,SPY below SMA200,-6.0720459400173805,1.9740720602874753,1.9719460324401858,1
REGN,Health Care,channel55,1679601600000,1679664600000,805.8550377807617,2,796.22998046875,,1682452800000,795.4337504882812,stop,-24.04515216149894,1.6117100755615235,1.5908675009765625,22
FTNT,Information Technology,channel55,1679601600000,1679664600000,62.98291816711425,30,63.099998474121094,,1682625600000,63.03689847564697,stop,-2.161185243301172,1.8894875450134276,1.8911069542694092,24
HSY,Consumer Staples,channel55,1679688000000,1679923800000,249.07883183288573,8,260,,1684872000000,259.74,stop,81.21879468225117,1.9926306546630859,2.07792,41
MDLZ,Consumer Staples,channel55,1679688000000,1679923800000,69.26919694519042,30,74.38999938964844,,1685476800000,74.31560939025879,stop,147.0848291619876,2.078075908355712,2.2294682817077636,45
CPRT,Industrials,channel55,1679947200000,1680010200000,36.36633183288574,58,43.88999938964844,,1691524800000,43.84610939025879,stop,429.1747767366944,2.109247246307373,2.5430743446350097,92
AVGO,Information Technology,channel55,1684872000000,1684935000000,68.21214118957519,32,86.46299743652344,,1691611200000,86.37653443908691,stop,576.3137463642578,2.182788518066406,2.764049102050781,53
NVDA,Information Technology,channel55,1685476800000,1685539800000,39.527486961364744,49,42.06700134277344,,1691674200000,42.117839847564696,20-session channel exit,122.9266704101601,1.9368468611068725,2.0637741525306703,49
META,Communication Services,channel55,1682625600000,1682688600000,239.24900450134274,7,288.29998779296875,,1692302400000,288.01168780517577,stop,337.6479582806856,1.6747430315093992,2.0160818146362303,77
PHM,Consumer Discretionary,channel55,1682452800000,1682515800000,64.77470908355713,33,77.22000122070312,,1692648000000,77.14278121948242,stop,403.4631033055342,2.1375653997573854,2.54571178024292,81
EQT,Energy,channel55,1691611200000,1691674200000,43.56352045822143,57,41.431999588012694,,1692907200000,41.39056758842468,stop,-128.70069659707372,2.4831206661186216,2.359262352540207,11
CSCO,Information Technology,channel55,1692302400000,1692365400000,54.68463106918335,42,55.209999084472656,,1695303000000,53.3565898475647,stop gap,-60.31546258648662,2.2967545049057008,2.2409767735977177,23
LLY,Health Care,channel55,1692734400000,1692797400000,557.276690673828,3,543,,1695326400000,542.457,stop,-47.75827309350568,1.6718300720214843,1.6273710000000001,21
DLR,Real Estate,channel55,1692907200000,1692970200000,126.27615152740478,19,123.7300033569336,,1695412800000,123.60627335357665,stop,-55.47545137547301,2.3992468790206907,2.348519193717957,20
CEG,Utilities,channel55,1691524800000,1691587800000,104.7246227493286,25,103.7699966430664,,1696276800000,103.66622664642334,stop,-31.669673807525378,2.618115568733215,2.591655666160584,38
AIZ,Financials,channel55,1695672000000,1695735000000,147.53738938903808,15,142.8659927368164,,1696276800000,142.72312674407956,stop,-76.56784741637453,2.213060840835571,2.1408469011611935,5
AMGN,Health Care,channel55,1695240000000,1695303000000,272.34207733154295,9,262.59599609375,,1696363200000,262.33340009765624,stop,-94.89017440184323,2.4510786959838864,2.361000600878906,9
FDS,Financials,channel55,1696536000000,1696599000000,447.877422668457,5,431.41900634765625,,1697832000000,430.9875873413086,stop,-88.84350168579071,2.239387113342285,2.154937936706543,11
AKAM,Information Technology,channel55,1691611200000,1691674200000,103.80369694519042,25,103.83000183105469,,1698067800000,103.73615634155273,SPY below SMA200,-6.877011423110968,2.595092423629761,2.5934039085388183,51
WSM,Consumer Discretionary,channel55,1695672000000,1695735000000,78.00793030548095,30,74.20349884033203,,1698067800000,77.7821406097412,SPY below SMA200,-11.44739299964914,2.3402379091644288,2.333464218292236,19
JBL,Information Technology,channel55,1696276800000,1696339800000,128.01788938903806,18,122.26199569702149,,1698067800000,124.13574213409424,SPY below SMA200,-74.4174159564051,2.3043220090026852,2.2344433584136962,14
CBOE,Financials,channel55,1696449600000,1696512600000,160.9507832794189,15,154.77200317382812,,1698067800000,161.13870304870605,SPY below SMA200,-2.0125457556148585,2.414261749191284,2.4170805457305904,12
WRB,Financials,channel55,1698177600000,1698240600000,44.97826768493652,49,42.705999755859374,,1698327000000,44.721899745941165,SPY below SMA200,-16.957337214885328,2.2039351165618895,2.191373087551117,1
NRG,Utilities,channel55,1698177600000,1698240600000,42.082040916442864,56,40.10399971008301,,1698327000000,41.818140609741214,SPY below SMA200,-19.476827340758724,2.3565942913208007,2.3418158741455084,1
CI,Health Care,channel55,1698955200000,1699018200000,318.0277014465332,7,306.8190093994141,,1699304400000,306.51219039001467,stop,-84.98035663848538,2.226193910125732,2.145585332730103,2
VRTX,Health Care,channel55,1698955200000,1699018200000,380.0196546630859,6,361.9629852294922,,1700082000000,361.6010222442627,stop,-114.96151857438308,2.280117927978515,2.169606133465576,9
AJG,Financials,channel55,1698955200000,1699018200000,243.37313488769527,9,240,,1701896400000,239.76,stop,-36.86641220324679,2.1903582139892572,2.15784,23
CBOE,Financials,channel55,1699304400000,1699367400000,174.2640863342285,13,175.13999938964844,,1702587600000,174.9648593902588,stop,4.570073433975569,2.2654331223449704,2.2745431720733644,27
WSM,Consumer Discretionary,channel55,1702587600000,1702650600000,102.94784622192381,22,97.7780029296875,,1704315600000,97.68022492675782,stop,-120.30148605892288,2.2648526168823238,2.148964948388672,12
GDDY,Information Technology,channel55,1700082000000,1700145000000,91.93684622192382,25,101.33000183105469,,1704402000000,101.22867182922363,stop,227.46650223121665,2.298421155548095,2.5307167957305907,33
GRMN,Consumer Discretionary,channel55,1701896400000,1701959400000,125.18505755615233,19,123.25,,1704488400000,123.12675,stop,-43.82576791046114,2.378516093566894,2.33940825,20
VZ,Communication Services,channel55,1704488400000,1704724200000,40.19015152740478,60,38.94700164794922,,1704834000000,38.908054646301274,stop,-81.67170523663272,2.411409091644287,2.3344832787780767,2
C,Financials,channel55,1704315600000,1704378600000,53.97391816711425,43,51.30799903869629,,1705006800000,51.25669103965759,stop,-121.36568267652757,2.320878481185913,2.2040377147052763,6
CRWD,Information Technology,channel55,1704834000000,1704897000000,68.78621627807617,29,71.6875,,1708525800000,70.6867421951294,stop gap,51.0705357988207,1.9948002720642088,2.0499155236587527,28
FICO,Information Technology,channel55,1705006800000,1705069800000,1222.3411151123046,1,1223.8800048828125,,1710360000000,1222.6561248779296,stop,-2.129987474365171,1.2223411151123047,1.2226561248779297,42
WM,Industrials,channel55,1710360000000,1710423000000,210.93072122192382,12,206.02999877929688,,1712606400000,205.8239687805176,stop,-66.28208557690404,2.531168654663086,2.469887625366211,17
TRV,Financials,channel55,1708462800000,1708525800000,221.22099999999998,11,219.72000122070312,,1713360600000,205.87392182922363,stop gap,-173.51590401866125,2.4334309999999997,2.26461314012146,39
FANG,Energy,channel55,1712606400000,1712669400000,207.75755305480953,12,200.4560089111328,,1713384000000,200.25555290222167,stop,-94.92015910253879,2.4930906366577146,2.40306663482666,7
GPC,Consumer Discretionary,channel55,1713470400000,1713533400000,161.16099999999997,11,153.7259979248047,,1715198400000,153.5722719268799,stop,-86.93807479551657,1.7727709999999999,1.689294991195679,14
ALL,Financials,channel55,1704402000000,1704465000000,149.4893363342285,16,165.10000610351562,,1716408000000,164.9349060974121,stop,242.0983283320311,2.391829381347656,2.6389584975585936,96
WFC,Financials,channel55,1713470400000,1713533400000,59.05899999999999,49,59.119998931884766,,1716989400000,58.81112893295288,stop gap,-17.921318603022954,2.8938909999999995,2.8817453177146914,27
TXN,Information Technology,channel55,1716408000000,1716471000000,202.80260610961912,13,195.75099182128906,,1717012800000,195.55524082946778,stop,-99.39440065217559,2.6364338794250486,2.542218130783081,4
WDC,Information Technology,channel55,1717012800000,1717075800000,58.017141921997066,47,55.09145736694336,,1717185600000,55.03636590957642,stop,-145.40998745185442,2.726805670333862,2.586709197750092,2
FOX,Communication Services,channel55,1717185600000,1717421400000,32.17213938903808,81,30.851900482177733,,1718308800000,30.821048581695557,stop,-114.54080362037378,2.6059432905120845,2.4965049351173403,9
VST,Utilities,channel55,1698955200000,1699018200000,34.89486061096191,61,83.01000213623047,,1718654400000,82.92699213409423,stop,2922.772889893623,2.1285864972686768,5.058546520179749,155
EME,Industrials,channel55,1715198400000,1715261400000,380.16979855346676,4,366.239990234375,,1719000000000,365.87375024414064,stop,-60.16836743249493,1.520679194213867,1.4634950009765626,30
COST,Consumer Staples,channel55,1718654400000,1718717400000,868.8679999999999,3,841.7129699707032,,1719259200000,840.8712570007325,stop,-89.11944676880452,2.606604,2.522613771002198,4
MU,Information Technology,channel55,1718308800000,1718371800000,141.94180305480955,17,133.68199768066407,,1719518400000,133.5483156829834,stop,-147.3726173395871,2.4130106519317622,2.270321366610718,9
BSX,Health Care,channel55,1719000000000,1719235800000,77.77769694519043,40,75.7400001525879,,1720036800000,75.6642601524353,stop,-90.67514999410997,3.1111078778076173,3.026570406097412,8
NRG,Utilities,channel55,1698955200000,1699018200000,45.44540152740478,44,77.06999969482422,,1721073600000,76.99292969512939,stop,1382.7039528060911,1.9995976672058104,3.387688906585693,173
NVDA,Information Technology,channel55,1716926400000,1716989400000,113.16305305480955,25,118.04000091552734,,1721246400000,117.92196091461182,stop,113.19557114582106,2.829076326370239,2.948049022865295,34
GOOG,Communication Services,channel55,1719518400000,1719581400000,185.9057212219238,14,180.56800231933593,,1721332800000,180.38743431701658,stop,-82.38412084624636,2.6026800971069335,2.525424080438232,14
VRSK,Industrials,channel55,1719259200000,1719322200000,271.5813075561523,11,266.4100036621094,,1722456000000,266.1435936584473,stop,-65.7298267881157,2.9873943831176755,2.92757953024292,26
TPL,Energy,channel55,1721073600000,1721136600000,274.1238561096191,10,260.71598663330076,,1722628800000,260.45527064666743,stop,-142.0316458970797,2.741238561096191,2.6045527064666745,14
HWM,Industrials,channel55,1722456000000,1722519000000,96.74665152740478,23,90.48799667358398,,1722628800000,90.39750867691039,stop,-150.33460124607018,2.22517298513031,2.079142699568939,2
AAPL,Information Technology,channel55,1720036800000,1720186200000,221.87164389038082,12,214.6199951171875,,1722864600000,198.89090634155272,stop gap,-280.8180011887204,2.66245972668457,2.3866908760986325,21
KMI,Energy,channel55,1721332800000,1721395800000,21.18115984725952,142,20.381999015808105,,1722864600000,19.92006053352356,stop gap,-184.91247584457722,3.007724698310852,2.8286485957603453,11
SO,Utilities,channel55,1722628800000,1722864600000,89.0789878616333,31,85.89100341796875,,1723233600000,85.80511241455078,stop,-106.91154596811974,2.761448623710632,2.659958484851074,5
KO,Consumer Staples,channel55,1722628800000,1722864600000,69.0589878616333,40,70.37999725341797,,1727985600000,70.30961725616456,stop,44.450431576538456,2.7623595144653317,2.8123846902465823,43
VTR,Real Estate,channel55,1721246400000,1721309400000,53.41336061096191,56,61.9900016784668,,1728072000000,61.92801167678833,stop,470.36134283816557,2.991148194213867,3.4679686539001464,56
DUK,Utilities,channel55,1722628800000,1722864600000,114.2241106109619,24,113.94999694824219,,1728072000000,113.83604695129395,stop,-14.786971613524926,2.7413786546630856,2.732065126831055,44
AFL,Financials,channel55,1728072000000,1728307800000,115.08497122192381,25,112.03600158691407,,1728331200000,111.92396558532715,stop,-84.70036433509766,2.877124280548095,2.798099139633179,1
IBM,Information Technology,channel55,1728331200000,1728394200000,228.33811061096188,12,219.2169967651367,,1729800000000,218.99777976837157,stop,-117.45200079563566,2.7400573273315425,2.627973357220459,13
TMUS,Communication Services,channel55,1729800000000,1729863000000,233.78355305480954,12,226.15999603271484,,1729886400000,225.93383603668212,stop,-99.71321288662696,2.8054026366577145,2.7112060324401854,1
PLTR,Information Technology,channel55,1729886400000,1730122200000,45.095049236297605,43,41.77919960021973,,1730404800000,41.737420400619506,stop,-148.1118361285457,1.939087117160797,1.7947090772266387,4
CVNA,Consumer Discretionary,channel55,1730404800000,1730467800000,49.511463802337644,40,45.98868179321289,,1730491200000,45.94269311141968,stop,-146.56899391326888,1.9804585520935056,1.8377077244567872,1
BRO,Financials,channel55,1722628800000,1722864600000,100.63052877807615,28,108.18000030517578,,1733778000000,108.0718203048706,stop,202.51249697592192,2.8176548057861326,3.0260109685363767,89
FICO,Information Technology,channel55,1723233600000,1723469400000,1757.555848876953,1,2203.5,,1733864400000,2201.2965,stop,439.78179877417,1.757555848876953,2.2012964999999998,85
AXON,Industrials,channel55,1727985600000,1728048600000,418.41799999999995,6,603.3300170898438,,1735569000000,600.5988121948242,stop gap,1086.9707722957762,2.5105079999999997,3.603592873168945,59
AMZN,Consumer Discretionary,channel55,1730491200000,1730730600000,196.6464469451904,14,218.19000244140625,,1736542800000,217.97181243896483,stop,292.75046128146386,2.753050257232666,3.051605374145508,46
APP,Communication Services,channel55,1728072000000,1728307800000,138.98885610961912,14,308.1300048828125,,1736802000000,307.8218748779297,stop,2357.4069125225224,1.9458439855346679,4.309506248291016,67
GOOG,Communication Services,channel55,1733864400000,1733927400000,186.8866969451904,20,188.66000366210938,,1738962000000,188.47134365844727,stop,24.185773453064428,3.737733938903808,3.7694268731689453,39
WAT,Health Care,channel55,1736802000000,1736865000000,401.27086511230465,8,381.2169921875,,1739394000000,380.8357751953125,stop,-169.73757245839795,3.210166920898437,3.0466862015625003,21
WMT,Consumer Staples,channel55,1739394000000,1739457000000,104.10399999999998,36,100.34000244140626,,1740061800000,98.68121878051758,stop gap,-202.52039177746514,3.747744,3.552523876098633,4
WSM,Consumer Discretionary,channel55,1733778000000,1733841000000,187.29711061096188,16,199.47999572753906,,1740171600000,199.28051573181153,stop,185.5492399121101,2.99675376977539,3.1884882517089848,49
DE,Industrials,channel55,1739998800000,1740061800000,508.6481546630859,7,486.1639862060547,,1740430800000,485.6778222198486,stop,-167.7526089408415,3.5605370826416016,3.3997447555389404,3
TKO,Communication Services,channel55,1738962000000,1739197800000,168.16799999999998,16,157.3889923095703,,1740517200000,157.23160331726075,stop,-180.18874057690383,2.6906879999999997,2.515705653076172,11
EQT,Energy,channel55,1736802000000,1736865000000,50.1000492362976,68,47.97999954223633,,1740690000000,47.93201954269409,stop,-154.09219984200993,3.406803348068237,3.259377328903198,31
SOLV,Health Care,channel55,1740517200000,1740580200000,83.58349999999999,40,79.61519775390624,,1740776400000,79.53558255615233,stop,-168.44146105615218,3.343339999999999,3.1814233022460936,3
ORLY,Consumer Discretionary,channel55,1740690000000,1740753000000,90.88079091644286,36,87.03033447265625,,1741381200000,86.94330413818359,stop,-148.15119143930028,3.271708472991943,3.1299589489746094,6
PM,Consumer Staples,channel55,1740430800000,1740493800000,157.29713938903808,23,149.822998046875,,1741636800000,149.6731750488281,stop,-182.41149705690015,3.617834205947876,3.442483026123047,10
VRSN,Information Technology,channel55,1735333200000,1735569000000,204.6744712219238,18,216.42999267578125,,1741699800000,238.46129695129395,SPY below SMA200,600.1864193015448,3.6841404819946284,4.292303345123291,47
T,Communication Services,channel55,1740171600000,1740407400000,26.64662084007263,137,25.60800075531006,,1741699800000,26.443529314041136,SPY below SMA200,-35.09688963742809,3.6505870550899506,3.6227635160236353,11
GILD,Health Care,channel55,1740776400000,1741012200000,115.00488938903807,28,109.06699600219727,,1741699800000,116.53335152435302,SPY below SMA200,36.31386904324374,3.2201369028930658,3.2629338426818846,6
YUM,Consumer Discretionary,channel55,1741381200000,1741613400000,161.47130755615234,19,156.44199829101564,,1741699800000,158.24159390258788,SPY below SMA200,-67.4391045454408,3.0679548435668944,3.0065902841491696,1
DRI,Consumer Discretionary,channel55,1742846400000,1742909400000,207.88767266845701,15,196.7899963378906,,1743082200000,207.2925,SPY below SMA200,-15.155292616882225,3.1183150900268553,3.1093875,2
MNST,Consumer Staples,channel55,1742846400000,1742909400000,28.94391591644287,122,27.611500549316407,,1743082200000,28.89108007621765,SPY below SMA200,-13.501842018581103,3.5311577418060303,3.5247117692985537,2
BRO,Financials,channel55,1742932800000,1742995800000,122.06194244384764,28,117.04399795532227,,1743082200000,122.13774213409424,SPY below SMA200,-4.71519984127764,3.417734388427734,3.419856779754639,1
HIG,Financials,channel55,1742932800000,1742995800000,122.16204091644286,28,116.7469985961914,,1743082200000,123.36650786590576,SPY below SMA200,26.850275219055373,3.4205371456604,3.4542622202453614,1
EXE,Energy,channel55,1742932800000,1742995800000,110.10999999999999,26,103.87099685668946,,1743082200000,109.87002335357666,SPY below SMA200,-11.958873414199559,2.8628599999999995,2.856620607192993,1
BA,Industrials,channel55,1747080000000,1747143000000,200.50030305480954,13,198.75,,1749844800000,198.55125,stop,-30.52535990223635,2.606503939712524,2.5811662500000003,23
NRG,Utilities,channel55,1747080000000,1747143000000,149.7796348876953,16,148.22999572753906,,1752609600000,148.08176573181152,stop,-31.931688904052585,2.396474158203125,2.3693082517089845,43
CTVA,Materials,channel55,1747080000000,1747143000000,68.15808633422851,51,71.93000030517578,,1752696000000,71.85807030487061,stop,181.55835851415273,3.4760624030456544,3.664761585548401,44
MOS,Materials,channel55,1747080000000,1747143000000,33.303270458221434,73,34.880001068115234,,1752782400000,34.84512106704712,stop,107.58026186293029,2.431138743450165,2.54369383789444,45
CAH,Health Care,channel55,1749844800000,1750080600000,161.16099999999997,22,160.19000244140625,,1752782400000,160.02981243896485,stop,-31.952324216429854,3.5455419999999997,3.520655873657227,22
RCL,Consumer Discretionary,channel55,1752782400000,1752845400000,350.3600197753906,8,330.34901428222656,,1753795800000,325.0246560974121,stop gap,-208.08598683081024,2.802880158203125,2.600197248779297,7
ROK,Industrials,channel55,1752696000000,1752759000000,354.2038561096191,10,339.4660125732422,,1754078400000,339.12654656066894,stop,-157.7063995162044,3.542038561096191,3.3912654656066894,12
WBD,Communication Services,channel55,1753732800000,1753795800000,13.773760229110716,214,12.94599962234497,,1754078400000,12.933053622722626,stop,-185.6264719313434,2.947584689029693,2.767673475262642,4
EMR,Industrials,channel55,1752782400000,1752845400000,145.1149712219238,25,139.7300003051758,,1754424000000,139.59027030487061,stop,-145.23515396449974,3.6278742805480952,3.489756757621765,13
AXON,Industrials,channel55,1754424000000,1754487000000,860.6197697753905,3,803.9299926757812,,1755028800000,803.1260626831055,stop,-177.4723587742306,2.5818593093261715,2.409378188049317,5
FIX,Industrials,channel55,1755028800000,1755091800000,725.9352319946288,2,664.7999816894531,,1755720000000,664.1351817077636,stop,-126.38024140113507,1.4518704639892577,1.3282703634155273,6
RMD,Health Care,channel55,1754078400000,1754314200000,279.279,13,271.1099853515625,,1756819800000,270.4992190246582,stop gap,-121.28426952676388,3.630627,3.516489847320557,20
NOC,Industrials,channel55,1754078400000,1754314200000,586.2756924438476,6,575.4500122070312,,1757102400000,574.8745621948242,stop,-75.37368302197224,3.5176541546630853,3.4492473731689453,24
DHI,Consumer Discretionary,channel55,1757102400000,1757338200000,180.93075,20,172.18900451660156,,1757966400000,172.01681551208495,stop,-185.33764106854255,3.6186149999999997,3.440336310241699,6
JNJ,Health Care,channel55,1755720000000,1755783000000,178.72855305480954,20,174.3300018310547,,1758225600000,174.15567182922362,stop,-98.515309009399,3.5745710610961905,3.4831134365844725,20
APP,Communication Services,channel55,1758225600000,1758288600000,629.1084604492187,3,572.5131011962891,,1759780800000,571.9405880950928,stop,-175.10676420801047,1.887325381347656,1.7158217642852784,12
CHRW,Industrials,channel55,1757966400000,1758029400000,133.3732454986572,26,128.15200653076172,,1760126400000,128.02385452423096,stop,-145.88048993567776,3.4677043829650875,3.328620217630005,19
CMI,Industrials,channel55,1759780800000,1759843800000,437.9575090026855,7,421.38799743652345,,1760126400000,420.96660943908694,stop,-124.94876577428253,3.0657025630187986,2.9467662660736087,4
NEM,Materials,channel55,1756497600000,1756819800000,75.04497122192382,43,81.86000061035156,,1761336000000,81.77814060974121,stop,282.78288986738653,3.2269337625427243,3.516460046218872,39
FE,Utilities,channel55,1760472000000,1760535000000,47.6075613746643,52,46.197998428344725,,1761595200000,46.15180042991638,stop,-80.57505594073015,2.475593191482544,2.3998936223556515,9
EXC,Utilities,channel55,1760126400000,1760362200000,47.02697954177856,87,45.64199943542481,,1762203600000,45.59635743598938,stop,-132.52235352072412,4.091347220134734,3.966883096931076,16
APH,Information Technology,channel55,1747080000000,1747143000000,42.422381069183345,60,64.55000305175781,,1763758800000,64.48545304870605,stop,1317.3698487242889,2.5453428641510008,3.869127182922363,135
INCY,Health Care,channel55,1762203600000,1762266600000,101.9518484725952,27,100.0199966430664,,1764882000000,99.91997664642334,stop,-60.31107858485388,2.7526999087600705,2.69783936945343,22
LLY,Health Care,channel55,1763758800000,1763994600000,1057.826789550781,3,996.8379577636719,,1765227600000,995.8411198059082,stop,-192.11801296268877,3.1734803686523434,2.9875233594177244,10
AMAT,Information Technology,channel55,1764882000000,1764945000000,270.05979855346675,10,248.7080047607422,,1766005200000,248.45929675598146,stop,-221.19020892794742,2.700597985534668,2.4845929675598146,9
GM,Consumer Discretionary,channel55,1761336000000,1761571800000,69.63956969451904,48,79.55999755859375,,1768942800000,79.48043756103516,stop,465.2038972445072,3.3426993453369143,3.8150610029296876,58
WBD,Communication Services,channel55,1765227600000,1765290600000,27.487459083557127,104,28.049999237060547,,1769634000000,28.021949237823485,stop,49.81399757827763,2.8586957446899417,2.914282720733642,34
NEM,Materials,channel55,1769634000000,1769697000000,133.78364389038086,22,124.03499755859374,,1769720400000,123.91096256103515,stop,-222.86827058753676,2.943240165588379,2.726041176342773,1
GOOG,Communication Services,channel55,1761595200000,1761658200000,270.47021221923825,9,312.3399963378906,,1770325200000,312.02765634155276,stop,368.77451628378344,2.4342319099731444,2.808248907073975,69
CHRW,Industrials,channel55,1769720400000,1769783400000,192.11191816711423,14,184.85199584960938,,1770930000000,184.66714385375977,stop,-109.50174725525464,2.689566854339599,2.585340013952637,10
PPG,Materials,channel55,1770930000000,1770993000000,131.311172668457,19,125.61799774169921,,1771534800000,125.49237974395751,stop,-115.4363330613262,2.494912280700683,2.384355215135193,4
TSN,Consumer Staples,channel55,1768942800000,1769005800000,61.19113106918334,80,61.91999816894531,,1772053200000,61.858078170776366,stop,43.511831388245156,4.895290485534668,4.948646253662109,25
SOXX,ETF / index,channel55,1772053200000,1772116200000,366.7463848876953,12,344.1149932861328,,1772461800000,343.44621853637693,stop gap,-288.1243074569091,4.400956618652343,4.121354622436524,2
BALL,Materials,channel55,1770325200000,1770388200000,66.64658183288573,42,63.236002349853514,,1772744400000,63.17276634750366,stop,-151.35266300962323,2.799156436981201,2.653256186595154,19
JNJ,Health Care,channel55,1771534800000,1771597800000,246.7164712219238,10,239.7959976196289,,1772744400000,239.55620162200927,stop,-76.46542272758462,2.467164712219238,2.395562016220093,10
WDC,Information Technology,channel55,1752609600000,1752672600000,67.59752877807617,52,244.24000549316406,,1772830800000,243.9957654876709,stop,9156.505457597106,3.5150714964599605,12.687779805358886,162
BMY,Health Care,channel55,1772226000000,1772461800000,62.432368930816644,75,59.54699859619141,,1772830800000,59.48745159759522,stop,-230.01278653123782,4.682427669811248,4.461558869819641,5
DG,Consumer Staples,channel55,1766005200000,1766068200000,136.08594694519041,26,144.30999755859375,,1773086400000,144.16568756103516,stop,202.78671351480142,3.538234620574951,3.7483078765869142,54
VLO,Energy,channel55,1772744400000,1772807400000,227.1969712219238,9,213.86200256347655,,1773172800000,213.64814056091308,stop,-125.90708195514206,2.044772740997314,1.9228332650482178,3
EQT,Energy,channel55,1773259200000,1773322200000,64.32426213836669,58,60.02000198364258,,1773777600000,59.959981981658935,stop,-260.3367352480114,3.730807204025268,3.4776789549362186,4
CF,Materials,channel55,1772744400000,1772807400000,112.112,26,102.38099822998046,,1774013400000,125.42445304870606,SPY below SMA200,339.9478314870912,2.9149119999999997,3.261035779266358,10
ADM,Consumer Staples,channel55,1773259200000,1773322200000,71.57149999999999,52,66.75,,1774013400000,68.7511796951294,SPY below SMA200,-153.9534351974175,3.7217179999999996,3.5750613441467287,6
CVX,Energy,channel55,1773345600000,1773408600000,196.19599999999997,26,188.95699768066407,,1774013400000,201.1985939025879,SPY below SMA200,119.73518202581896,5.101096,5.231163441467285,5
BG,Consumer Staples,channel55,1773345600000,1773408600000,126.45633183288572,30,118.03500442504883,,1774013400000,122.79707817077637,SPY below SMA200,-117.25521216339037,3.7936899549865717,3.6839123451232916,5
COP,Energy,channel55,1773777600000,1773840600000,123.92380305480955,33,116.46900253295898,,1774013400000,126.17370304870606,SPY below SMA200,65.99348209716867,4.089485500808715,4.1637322006073,2
COST,Consumer Staples,channel55,1775678400000,1775741400000,1030.5194802246092,4,996.4790161132812,,1775851200000,995.4825370971679,stop,-148.25178057905234,4.122077920898437,3.9819301483886718,2
ROST,Consumer Discretionary,channel55,1775678400000,1775741400000,223.92369694519041,23,219.0800018310547,,1778529600000,218.86092182922363,stop,-126.62787389904761,5.15024502973938,5.033801202072143,23
MPWR,Information Technology,channel55,1775851200000,1776087000000,1337.746444213867,2,1453.6700439453125,,1779197400000,1433.4751241455078,stop gap,185.91491672656272,2.6754928884277343,2.866950248291016,26
EQIX,Real Estate,channel55,1775678400000,1775741400000,1018.9979604492187,5,1045,,1779220800000,1043.955,stop,114.47043295166014,5.094989802246093,5.219774999999999,29
VLO,Energy,channel55,1779220800000,1779283800000,261.71146221923823,16,246.4889938354492,,1779393600000,246.24250484161377,stop,-255.63058151496506,4.187383395507812,3.9398800774658205,2
CASY,Consumer Staples,channel55,1775678400000,1775741400000,754.3436168823241,6,771.4400024414062,,1779998400000,770.6685624389648,stop,88.79960026391663,4.526061701293945,4.624011374633789,35
VRSN,Information Technology,channel55,1779134400000,1779197400000,304.13381655883785,16,288.971989440918,,1780084800000,288.68301745147704,stop,-256.69785506193796,4.866141064941406,4.618928279223633,8
KEYS,Information Technology,channel55,1775678400000,1775741400000,318.318,10,326.4800109863281,,1780344000000,326.1535309753418,stop,71.91059444366499,3.18318,3.261535309753418,37
CRWD,Information Technology,channel55,1780084800000,1780320600000,184.13645188903806,15,168.3900505065918,,1780603200000,168.2216604560852,stop,-244.00724317946964,2.762046778335571,2.5233249068412777,4
FTNT,Information Technology,channel55,1780344000000,1780407000000,144.4843363342285,27,135.41999893188478,,1781035200000,135.28457893295288,stop,-255.9472105466552,3.9010770810241695,3.6526836311897277,6
CSCO,Information Technology,channel55,1780603200000,1780666200000,128.78866366577148,31,120.89200134277344,,1781035200000,120.77110934143067,stop,-256.2805370177883,3.992448573638916,3.743904389584351,3
NUE,Materials,channel55,1779998400000,1780061400000,249.3491061096191,20,237.56100311279297,,1782244800000,237.32344210968017,stop,-250.24673096316454,4.986982122192382,4.746468842193604,17
URI,Industrials,channel55,1781035200000,1781098200000,1094.8637895507811,3,1045.9200439453125,,1783454400000,1044.8741239013673,stop,-156.38821068859795,3.2845913686523436,3.134622371704102,18
CNC,Health Care,channel55,1778529600000,1778592600000,56.43638106918334,63,62.7599983215332,,1785182400000,62.69723832321167,stop,386.9285889820639,3.5554920073585503,3.9499260143623354,52
HUM,Health Care,channel55,1781035200000,1781098200000,364.70433633422846,9,372.6099853515625,,1785268800000,372.2373753662109,stop,61.16487588253827,3.2823390270080566,3.3501363782958986,33
DOC,Real Estate,channel55,1785268800000,1785331800000,22.812790916442868,221,21.964999389648437,,1785441600000,21.943034390258788,stop,-202.10722967946273,5.041626792533873,4.849410600247192,2
BBY,Consumer Discretionary,channel55,1785182400000,1785245400000,89.1890984725952,42,83.40099868774413,,1785787200000,83.31759768905638,stop,-253.84831414741984,3.7459421358489986,3.499339102940368,5
FRT,Real Estate,channel55,1779393600000,1779456600000,119.39927877807615,44,120.05999755859375,,1786046400000,119.93993756103515,stop,13.258060931275079,5.253568266235352,5.277357252685547,52
ILMN,Health Care,channel55,1785441600000,1785504600000,203.48327877807614,18,190.38799743652345,,1786046400000,190.19760943908693,stop,-246.2283040897147,3.6626990180053705,3.423556969903565,5
CFG,Financials,channel55,1782244800000,1782307800000,69.16909847259521,72,70.04000091552734,,1787256000000,69.96996091461182,stop,47.64408354931692,4.980175090026855,5.037837185852052,41
RTX,Industrials,channel55,1786046400000,1786109400000,222.75252877807614,21,212.30999298095702,,1787256000000,212.09768298797607,stop,-232.88361603918855,4.677803104339599,4.454051342747497,10
NDSN,Industrials,channel55,1787256000000,1787319000000,338.3880377807617,13,320.9040161132813,,1788206400000,320.583112097168,stop,-240.0306588351311,4.399044491149902,4.167580457263184,7
A,Health Care,channel55,1787256000000,1787319000000,156.6565,30,149.18300018310546,,1788292800000,149.03381718292235,stop,-237.85119402781703,4.699695,4.47101451548767,8
LH,Health Care,channel55,1786046400000,1786109400000,316.7163938903808,12,315.3299865722656,,1789070400000,315.01465658569333,stop,-28.001620261962525,3.8005967266845695,3.78017587902832,24
STT,Financials,channel55,1783454400000,1783517400000,179.17899999999997,28,182.9600067138672,,1789502400000,182.77704670715332,stop,90.61053849249335,5.0170119999999985,5.117757307800294,49
GEN,Information Technology,channel55,1785787200000,1785850200000,28.198170076370236,133,27.8799991607666,,1790107200000,27.852119161605835,stop,-53.47946013231616,3.750356620157241,3.704331848493576,35
