date,candidates,top3,priceRegime
2017-10-02,7,AMCR|CPT|INTU,above200
2017-10-03,8,SRE|DTE|CNP,above200
2017-10-04,6,UNP|RSG|NSC,above200
2017-10-05,3,IT|JBHT|UPS,above200
2017-10-06,10,NDAQ|CF|WYNN,above200
2017-10-09,16,NWS|UPS|JBHT,above200
2017-10-10,18,WYNN|UNP|LVS,above200
2017-10-11,17,SW|NTAP|JBL,above200
2017-10-12,31,SW|LVS|TKO,above200
2017-10-13,30,SW|CNC|LYV,above200
2017-10-16,24,SW|CI|LYV,above200
2017-10-17,33,LYV|HD|SCHW,above200
2017-10-18,34,MAA|DD|UNP,above200
2017-10-19,27,NCLH|MAA|FIX,above200
2017-10-20,13,NCLH|MAA|ICE,above200
2017-10-23,25,MAA|ICE|NCLH,above200
2017-10-24,19,MAA|ICE|CPT,above200
2017-10-25,36,ROL|MSCI|TKO,above200
2017-10-26,33,ROL|NEM|CPT,above200
2017-10-27,25,ROL|NEM|AMGN,above200
2017-10-30,39,ROL|AMGN|GILD,above200
2017-10-31,26,GILD|PFE|AON,above200
2017-11-01,28,GILD|BSX|AON,above200
2017-11-02,28,GILD|AON|BSX,above200
2017-11-03,20,GILD|AON|WSM,above200
2017-11-06,20,GILD|ADP|FERG,above200
2017-11-07,32,FERG|BALL|GM,above200
2017-11-08,32,BALL|FERG|UPS,above200
2017-11-09,60,FERG|BALL|CMI,above200
2017-11-10,52,FERG|BALL|TFC,above200
2017-11-13,31,FERG|IP|HUBB,above200
2017-11-14,41,FERG|PPG|HUBB,above200
2017-11-15,64,PPG|HUBB|EME,above200
2017-11-16,14,MET|COP|PSX,above200
2017-11-17,18,SW|COP|AMT,above200
2017-11-20,17,SW|COP|JNJ,above200
2017-11-21,7,SW|COP|FIS,above200
2017-11-22,11,SW|WTW|FIS,above200
2017-11-24,8,PRU|FE|GS,above200
2017-11-27,15,GS|WY|FE,above200
2017-11-28,10,FE|NXPI|EXR,above200
2017-11-29,42,NXPI|TTWO|EXR,above200
2017-11-30,16,WDAY|MU|TER,above200
2017-12-01,21,WDAY|TER|MU,above200
2017-12-04,60,TTWO|TER|COO,above200
2017-12-05,51,GDDY|VST|PLD,above200
2017-12-06,38,VST|LYV|VRTX,above200
2017-12-07,18,EXC|HPQ|PODD,above200
2017-12-08,10,STE|FERG|GM,above200
2017-12-11,13,STE|GM|TRV,above200
2017-12-12,23,FERG|GM|SWK,above200
2017-12-13,19,SW|WTW|GM,above200
2017-12-14,71,GM|SW|FERG,above200
2017-12-15,20,FERG|SW|MET,above200
2017-12-18,13,SW|MET|DTE,above200
2017-12-19,25,DTE|MET|SBAC,above200
2017-12-20,35,NDAQ|EXC|EVRG,above200
2017-12-21,43,AEE|MRSH|SBAC,above200
2017-12-22,43,MRSH|AEP|TKO,above200
2017-12-26,38,AEP|MCO|XEL,above200
2017-12-27,16,XEL|KEYS|P,above200
2017-12-28,8,GOOGL|CPRT|GOOG,above200
2017-12-29,37,GOOGL|GOOG|CPRT,above200
2018-01-02,34,HSY|GNRC|CLX,above200
2018-01-03,21,CLX|HSY|HRL,above200
2018-01-04,20,ARE|FIX|PEG,above200
2018-01-05,11,FIX|AWK|LVS,above200
2018-01-08,6,FIX|STZ|SW,above200
2018-01-09,11,FIX|LUV|VZ,above200
2018-01-10,21,INTC|PWR|HRL,above200
2018-01-11,17,HRL|CCI|PAYX,above200
2018-01-12,15,CRL|META|CLX,above200
2018-01-16,13,META|LULU|ZBH,above200
2018-01-17,10,META|F|CF,above200
2018-01-18,5,F|NRG|SYF,above200
2018-01-19,3,F|AXP|GM,above200
2018-01-22,1,FSLR,above200
2018-01-23,6,LLY|LHX|F,above200
2018-01-24,22,MRVL|DAL|AAPL,above200
2018-01-25,33,MRVL|AAPL|DAL,above200
2018-01-26,8,NVR|DELL|SBUX,above200
2018-01-29,17,DELL|LEN|NVR,above200
2018-01-30,50,TRGP|LEN|DVN,above200
2018-01-31,79,LEN|DVN|VTRS,above200
2018-02-01,66,AXON|UPS|TSCO,above200
2018-02-02,162,BKNG|GIS|DVA,above200
2018-02-05,261,DVA|SYY|TECH,above200
2018-02-06,59,GL|JKHY|IT,above200
2018-02-07,39,GL|JKHY|ZBRA,above200
2018-02-08,107,JKHY|ZBRA|SYK,above200
2018-02-09,23,COP|CBOE|EOG,above200
2018-02-12,3,SBAC|MGM|KR,above200
2018-02-13,3,KDP|MGM|ORLY,above200
2018-02-14,2,KDP|BG,above200
2018-02-15,1,CNC,above200
2018-02-16,2,PSX|OXY,above200
2018-02-20,4,FERG|PSX|OXY,above200
2018-02-21,11,FERG|PSX|OXY,above200
2018-02-22,21,FERG|QCOM|GRMN,above200
2018-02-23,3,FERG|GRMN|CASY,above200
2018-02-26,2,TSCO|SW,above200
2018-02-27,11,A|HLT|DHI,above200
2018-02-28,32,DHI|A|HUBB,above200
2018-03-01,100,A|HUBB|LMT,above200
2018-03-02,40,HUBB|LOW|RCL,above200
2018-03-05,10,RCL|AVY|NKE,above200
2018-03-06,5,QCOM|AVY|BDX,above200
2018-03-07,7,DG|BF-B|TGT,above200
2018-03-08,6,DG|TGT|ELV,above200
2018-03-09,0,,above200
2018-03-12,1,LMT,above200
2018-03-13,4,NXPI|DVA|MRVL,above200
2018-03-14,16,NXPI|DVA|TJX,above200
2018-03-15,33,NXPI|TJX|DVA,above200
2018-03-16,23,DVA|FICO|AVY,above200
2018-03-19,65,FICO|DVA|TKO,above200
2018-03-20,30,DVA|COR|EBAY,above200
2018-03-21,26,EBAY|AVY|LH,above200
2018-03-22,138,AVY|EBAY|LH,above200
2018-03-23,0,,below200
2018-03-26,3,HCA|STZ|UHS,above200
2018-03-27,3,STZ|HCA|KKR,above200
2018-03-28,9,HCA|SW|NXPI,above200
2018-03-29,2,HCA|SW,above200
2018-04-02,0,,below200
2018-04-03,4,FERG|CCI|MSCI,above200
2018-04-04,1,FERG,above200
2018-04-05,1,FERG,above200
2018-04-06,12,FERG|ROP|JBHT,above200
2018-04-09,7,FERG|JBHT|TER,above200
2018-04-10,2,FERG|HLT,above200
2018-04-11,2,LEN|NEE,above200
2018-04-12,7,NEE|PHM|STZ,above200
2018-04-13,4,STZ|FAST|DLTR,above200
2018-04-16,1,SJM,above200
2018-04-17,2,SJM|MTB,above200
2018-04-18,5,SJM|TFC|EG,above200
2018-04-19,6,SJM|DECK|FDS,above200
2018-04-20,14,DECK|FDS|AAPL,above200
2018-04-23,21,FDS|GS|GRMN,above200
2018-04-24,76,FIS|AME|AOS,above200
2018-04-25,62,CBRE|EW|NOC,above200
2018-04-26,21,ODFL|CBRE|TEL,above200
2018-04-27,23,TEL|CME|NDSN,above200
2018-04-30,31,IEX|ROL|TDY,above200
2018-05-01,28,TDY|IEX|XYL,above200
2018-05-02,43,XYL|LHX|IEX,above200
2018-05-03,31,IEX|SW|JPM,above200
2018-05-04,12,SW|LULU|DG,above200
2018-05-07,8,SW|DG|TJX,above200
2018-05-08,11,SW|DG|HUM,above200
2018-05-09,9,DG|HUM|NEE,above200
2018-05-10,1,DG,above200
2018-05-11,2,DRI|CIEN,above200
2018-05-14,6,FERG|CIEN|DPZ,above200
2018-05-15,21,FERG|ARE|PSA,above200
2018-05-16,17,FERG|PSA|AJG,above200
2018-05-17,24,FERG|CSCO|PSA,above200
2018-05-18,27,CSCO|MTB|RSG,above200
2018-05-21,4,FITB|NTAP|CIEN,above200
2018-05-22,11,NTAP|GPN|STZ,above200
2018-05-23,11,HPE|NTAP|CIEN,above200
2018-05-24,20,L|CPRT|ABBV,above200
2018-05-25,41,L|HAL|IR,above200
2018-05-29,73,NTRS|ECL|ABBV,above200
2018-05-30,7,KEYS|TTWO|CSCO,above200
2018-05-31,12,CSCO|MSI|ADSK,above200
2018-06-01,4,FSLR|IBKR|ULTA,above200
2018-06-04,7,IBKR|WYNN|HAL,above200
2018-06-05,6,WYNN|HAL|DVN,above200
2018-06-06,8,NEE|PEG|EXC,above200
2018-06-07,9,PANW|PEG|BF-B,above200
2018-06-08,2,ON|LITE,above200
2018-06-11,13,FERG|SW|NRG,above200
2018-06-12,9,SW|FERG|MPC,above200
2018-06-13,25,MPC|PLD|HST,above200
2018-06-14,35,TSCO|BLK|WRB,above200
2018-06-15,45,STLD|TFC|J,above200
2018-06-18,32,APD|TFC|BA,above200
2018-06-19,53,BA|AXP|DHR,above200
2018-06-20,35,AXP|DHR|TFC,above200
2018-06-21,54,DHR|EMR|RVTY,above200
2018-06-22,53,IBKR|AFL|MAR,above200
2018-06-25,116,IBKR|SMCI|RJF,above200
2018-06-26,60,RJF|AFL|FERG,above200
2018-06-27,89,RJF|APTV|MSCI,above200
2018-06-28,24,RJF|APTV|SCHW,above200
2018-06-29,11,APTV|ODFL|DVA,above200
2018-07-02,4,ADM|LOW|HD,above200
2018-07-03,14,HD|ODFL|DVA,above200
2018-07-05,5,ODFL|CME|DPZ,above200
2018-07-06,1,PEG,above200
2018-07-09,3,PEG|AES|EVRG,above200
2018-07-10,1,DPZ,above200
2018-07-11,5,DECK|EW|KR,above200
2018-07-12,4,DECK|EXR|KR,above200
2018-07-13,8,EXR|DECK|PGR,above200
2018-07-16,16,EXR|PSA|UNP,above200
2018-07-17,24,EXR|PSA|WBD,above200
2018-07-18,26,EXR|PSA|DOC,above200
2018-07-19,8,SW|CIEN|STX,above200
2018-07-20,18,SW|STX|XOM,above200
2018-07-23,27,SW|STX|CIEN,above200
2018-07-24,33,STX|P|VST,above200
2018-07-25,17,VST|SMCI|DPZ,above200
2018-07-26,8,DPZ|LH|HD,above200
2018-07-27,30,HD|LH|PSA,above200
2018-07-30,78,TXN|LH|RMD,above200
2018-07-31,31,CME|FIS|TPR,above200
2018-08-01,29,SMCI|SPGI|FIS,above200
2018-08-02,13,NUE|SMCI|SPGI,above200
2018-08-03,7,NUE|ICE|KKR,above200
2018-08-06,6,NUE|ICE|KKR,above200
2018-08-07,4,KKR|LIN|TDG,above200
2018-08-08,9,KKR|OXY|LIN,above200
2018-08-09,15,OXY|EW|HST,above200
2018-08-10,41,EW|HST|CBRE,above200
2018-08-13,66,EW|CBRE|TXT,above200
2018-08-14,13,PLD|BAX|ZBH,above200
2018-08-15,23,PSX|REGN|NFLX,above200
2018-08-16,9,NFLX|PSX|MPC,above200
2018-08-17,8,NFLX|NOW|VLO,above200
2018-08-20,7,MDT|KLAC|P,above200
2018-08-21,1,MSFT,above200
2018-08-22,20,PSA|EVRG|EXPE,above200
2018-08-23,21,EVRG|BXP|PEP,above200
2018-08-24,8,LH|MNST|EIX,above200
2018-08-27,11,MNST|LH|ZTS,above200
2018-08-28,17,KEY|FAST|GWW,above200
2018-08-29,9,KEY|JBHT|CMG,above200
2018-08-30,28,KEY|RL|JBHT,above200
2018-08-31,17,EIX|CMG|LH,above200
2018-09-04,30,WMB|PG|LYB,above200
2018-09-05,28,KKR|ADM|EXPE,above200
2018-09-06,33,ADM|OXY|KKR,above200
2018-09-07,39,OXY|ADM|KKR,above200
2018-09-10,22,ACGL|TXN|GOOGL,above200
2018-09-11,13,PSX|VRTX|UHS,above200
2018-09-12,24,SW|PSX|MPWR,above200
2018-09-13,14,SW|MPWR|DD,above200
2018-09-14,24,SW|WAB|DECK,above200
2018-09-17,35,SW|DPZ|DECK,above200
2018-09-18,18,AZO|DECK|SYY,above200
2018-09-19,48,EVRG|XEL|SYY,above200
2018-09-20,11,EVRG|LII|SRE,above200
2018-09-21,13,LII|CMG|DRI,above200
2018-09-24,28,LII|DLR|FRT,above200
2018-09-25,55,LII|DLR|DTE,above200
2018-09-26,67,DLR|DTE|EVRG,above200
2018-09-27,50,ROP|SPGI|NDSN,above200
2018-09-28,28,SPGI|NDSN|PH,above200
2018-10-01,19,NDSN|DRI|MDLZ,above200
2018-10-02,39,DRI|RSG|CMG,above200
2018-10-03,35,RSG|PANW|DXCM,above200
2018-10-04,81,RSG|PANW|CASY,above200
2018-10-05,95,PANW|CASY|ILMN,above200
2018-10-08,94,PANW|GPN|ALGN,above200
2018-10-09,85,PANW|PODD|GPN,above200
2018-10-10,125,PANW|ALGN|GRMN,above200
2018-10-11,0,,below200
2018-10-12,0,,below200
2018-10-15,0,,below200
2018-10-16,1,DPZ,above200
2018-10-17,4,APA|AZO|EOG,above200
2018-10-18,0,,below200
2018-10-19,0,,below200
2018-10-22,0,,below200
2018-10-23,0,,below200
2018-10-24,0,,below200
2018-10-25,0,,below200
2018-10-26,0,,below200
2018-10-29,0,,below200
2018-10-30,0,,below200
2018-10-31,0,,below200
2018-11-01,0,,below200
2018-11-02,0,,below200
2018-11-05,0,,below200
2018-11-06,0,,below200
2018-11-07,0,,above200
2018-11-08,2,JKHY|CBOE,above200
2018-11-09,3,JKHY|CBOE|ALB,above200
2018-11-12,0,,below200
2018-11-13,0,,below200
2018-11-14,0,,below200
2018-11-15,0,,below200
2018-11-16,0,,below200
2018-11-19,0,,below200
2018-11-20,0,,below200
2018-11-21,0,,below200
2018-11-23,0,,below200
2018-11-26,0,,below200
2018-11-27,0,,below200
2018-11-28,0,,below200
2018-11-29,0,,below200
2018-11-30,0,,below200
2018-12-03,0,,above200
2018-12-04,0,,below200
2018-12-06,0,,below200
2018-12-07,0,,below200
2018-12-10,0,,below200
2018-12-11,0,,below200
2018-12-12,0,,below200
2018-12-13,0,,below200
2018-12-14,0,,below200
2018-12-17,0,,below200
2018-12-18,0,,below200
2018-12-19,0,,below200
2018-12-20,0,,below200
2018-12-21,0,,below200
2018-12-24,0,,below200
2018-12-26,0,,below200
2018-12-27,0,,below200
2018-12-28,0,,below200
2018-12-31,0,,below200
2019-01-02,0,,below200
2019-01-03,0,,below200
2019-01-04,0,,below200
2019-01-07,0,,below200
2019-01-08,0,,below200
2019-01-09,0,,below200
2019-01-10,0,,below200
2019-01-11,0,,below200
2019-01-14,0,,below200
2019-01-15,0,,below200
2019-01-16,0,,below200
2019-01-17,0,,below200
2019-01-18,0,,below200
2019-01-22,0,,below200
2019-01-23,0,,below200
2019-01-24,0,,below200
2019-01-25,0,,below200
2019-01-28,0,,below200
2019-01-29,0,,below200
2019-01-30,0,,below200
2019-01-31,0,,below200
2019-02-01,0,,below200
2019-02-04,0,,below200
2019-02-05,0,,below200
2019-02-06,0,,below200
2019-02-07,0,,below200
2019-02-08,0,,below200
2019-02-11,0,,below200
2019-02-12,6,IRM|MCD|SRE,above200
2019-02-13,0,,above200
2019-02-14,5,IRM|PPL|DUK,above200
2019-02-15,7,IRM|PPL|DUK,above200
2019-02-19,5,SPG|ALLE|DE,above200
2019-02-20,10,SPG|ALLE|DPZ,above200
2019-02-21,8,WELL|HRL|GEN,above200
2019-02-22,4,EW|DLTR|AVGO,above200
2019-02-25,8,EW|SBAC|AMT,above200
2019-02-26,16,EW|SBAC|STE,above200
2019-02-27,26,SBAC|TKO|AMT,above200
2019-02-28,22,CDW|LRCX|VST,above200
2019-03-01,16,SPG|VTR|INVH,above200
2019-03-04,21,UAL|NFLX|HCA,above200
2019-03-05,26,AON|ARES|MMM,above200
2019-03-06,60,HCA|UNP|ARES,above200
2019-03-07,97,UNP|ARES|HPE,above200
2019-03-08,0,,below200
2019-03-11,5,TDY|BA|TSCO,above200
2019-03-12,4,BA|HRL|LLY,above200
2019-03-13,1,BA,above200
2019-03-14,3,NDSN|BA|DG,above200
2019-03-15,5,NDSN|LULU|META,above200
2019-03-18,5,BSX|VTR|DOC,above200
2019-03-19,21,FE|VTR|FRT,above200
2019-03-20,24,CIEN|HRL|CPT,above200
2019-03-21,2,CASY|REGN,above200
2019-03-22,7,CASY|REGN|ARES,above200
2019-03-25,6,FSLR|BEN|EME,above200
2019-03-26,7,ELV|FSLR|EME,above200
2019-03-27,15,ELV|EME|HLT,above200
2019-03-28,12,ELV|GLW|AJG,above200
2019-03-29,4,CHTR|TMUS|AWK,above200
2019-04-01,7,CHTR|NRG|AEP,above200
2019-04-02,6,AWK|ATO|AEE,above200
2019-04-03,14,AEE|XEL|HRL,above200
2019-04-04,28,FE|AEE|XEL,above200
2019-04-05,6,CLX|MRK|COO,above200
2019-04-08,9,CLX|MRK|ERIE,above200
2019-04-09,23,CLX|MRK|TRV,above200
2019-04-10,10,FISV|PODD|DE,above200
2019-04-11,14,EBAY|FISV|MRK,above200
2019-04-12,10,EBAY|MRK|PODD,above200
2019-04-15,12,MRK|PODD|BBY,above200
2019-04-16,52,PODD|MRK|A,above200
2019-04-17,72,MRK|ZBH|ABT,above200
2019-04-18,31,INCY|CCI|GPC,above200
2019-04-22,24,INCY|GPC|CCI,above200
2019-04-23,8,NI|WAT|PG,above200
2019-04-24,9,NTAP|WAT|STX,above200
2019-04-25,29,APTV|ROK|GIS,above200
2019-04-26,18,TPL|INTC|HPE,above200
2019-04-29,20,TPL|INTC|HPE,above200
2019-04-30,11,TPL|INTC|AES,above200
2019-05-01,33,TPL|AES|INTC,above200
2019-05-02,31,INTC|OKE|WMB,above200
2019-05-03,13,ANET|FTNT|PWR,above200
2019-05-06,22,ANET|FTNT|CSCO,above200
2019-05-07,75,FTNT|CSCO|ANET,above200
2019-05-08,89,FTNT|PWR|VST,above200
2019-05-09,86,PWR|VST|ZBRA,above200
2019-05-10,45,PWR|VST|SMCI,above200
2019-05-13,91,PWR|VST|DECK,above200
2019-05-14,18,GDDY|ORLY|META,above200
2019-05-15,5,ORLY|SWK|GNRC,above200
2019-05-16,3,AVY|DUK|CBRE,above200
2019-05-17,4,CBRE|EW|NDSN,above200
2019-05-20,21,CBRE|EW|QCOM,above200
2019-05-21,2,EW|TSN,above200
2019-05-22,2,F|TER,above200
2019-05-23,27,VRT|F|DLTR,above200
2019-05-24,22,F|TER|CMG,above200
2019-05-28,56,F|TER|UNP,above200
2019-05-29,98,F|UNP|COST,above200
2019-05-30,34,ITW|HSIC|CMCSA,above200
2019-05-31,0,,below200
2019-06-03,0,,below200
2019-06-04,4,AMCR|VICI|KDP,above200
2019-06-05,2,AMCR|NCLH,above200
2019-06-06,1,SMCI,above200
2019-06-07,0,,above200
2019-06-10,1,ECHO,above200
2019-06-11,5,CBOE|D|LHX,above200
2019-06-12,5,CBOE|PGR|CRH,above200
2019-06-13,7,CBOE|MNST|UNP,above200
2019-06-14,10,NFLX|NSC|ADSK,above200
2019-06-17,34,AKAM|NSC|AMCR,above200
2019-06-18,13,MKC|TSN|ECL,above200
2019-06-19,6,ECL|SYY|TGT,above200
2019-06-20,3,SYY|RCL|ORLY,above200
2019-06-21,7,SYY|HSIC|ARE,above200
2019-06-24,18,FICO|DPZ|COR,above200
2019-06-25,57,FICO|FDS|F,above200
2019-06-26,104,PSA|UDR|O,above200
2019-06-27,36,ORLY|FE|AZO,above200
2019-06-28,17,CIEN|CCI|AMT,above200
2019-07-01,5,LHX|AMT|CCI,above200
2019-07-02,1,ROST,above200
2019-07-03,1,SMCI,above200
2019-07-05,3,SMCI|DE|SNA,above200
2019-07-08,19,APTV|SMCI|GE,above200
2019-07-09,27,IR|CAT|STX,above200
2019-07-10,41,CAT|QCOM|ETN,above200
2019-07-11,36,FAST|QCOM|TEL,above200
2019-07-12,16,CRL|TMO|SJM,above200
2019-07-15,14,TMO|KDP|MTD,above200
2019-07-16,27,TMO|KDP|MTD,above200
2019-07-17,49,KDP|MTD|REG,above200
2019-07-18,27,KDP|REG|LMT,above200
2019-07-19,77,KDP|REG|EQIX,above200
2019-07-22,62,KDP|ESS|T,above200
2019-07-23,29,TPL|T|DLTR,above200
2019-07-24,25,TPL|D|NDAQ,above200
2019-07-25,26,D|TT|NDAQ,above200
2019-07-26,19,MTD|GRMN|NEM,above200
2019-07-29,20,FTNT|MTD|CBOE,above200
2019-07-30,25,MTD|CME|FTNT,above200
2019-07-31,96,FTNT|CME|MTD,above200
2019-08-01,133,HII|AMZN|CMI,above200
2019-08-02,144,AMZN|SNPS|WBD,above200
2019-08-05,186,AMZN|SNPS|L,above200
2019-08-06,15,QCOM|MAR|JBL,above200
2019-08-07,9,MAR|TECH|GE,above200
2019-08-08,0,,above200
2019-08-09,2,FERG|IBM,above200
2019-08-12,7,FERG|IBM|ALLE,above200
2019-08-13,3,FERG|NEM|FICO,above200
2019-08-14,22,FERG|KIM|CF,above200
2019-08-15,6,FERG|CIEN|CF,above200
2019-08-16,1,FERG,above200
2019-08-19,2,FERG|DVA,above200
2019-08-20,3,DVA|VRT|MKC,above200
2019-08-21,1,MKC,above200
2019-08-22,1,COO,above200
2019-08-23,69,COO|ADI|COR,above200
2019-08-26,5,MRVL|ITW|AME,above200
2019-08-27,6,MRVL|TDG|ITW,above200
2019-08-28,4,ERIE|FERG|EG,above200
2019-08-29,3,FERG|LYV|CBOE,above200
2019-08-30,4,EG|NEE|AIG,above200
2019-09-03,2,SW|COO,above200
2019-09-04,3,SW|TSN|IQV,above200
2019-09-05,5,SW|DXCM|MSI,above200
2019-09-06,5,DXCM|CHD|WEC,above200
2019-09-09,35,DXCM|CHD|KMB,above200
2019-09-10,82,CBOE|CHD|BALL,above200
2019-09-11,41,CBOE|RSG|BALL,above200
2019-09-12,15,AMGN|PSA|ADP,above200
2019-09-13,22,PSA|CBOE|WELL,above200
2019-09-16,16,CBOE|YUM|ADP,above200
2019-09-17,4,EL|FERG|MAS,above200
2019-09-18,10,FERG|UPS|EME,above200
2019-09-19,25,UPS|GNRC|SWKS,above200
2019-09-20,59,APTV|BDX|MCHP,above200
2019-09-23,39,COHR|LOW|CBRE,above200
2019-09-24,73,BDX|CBRE|LOW,above200
2019-09-25,22,WAT|EBAY|UHS,above200
2019-09-26,28,MGM|EBAY|UHS,above200
2019-09-27,40,EBAY|SYK|CPRT,above200
2019-09-30,20,SW|FERG|BX,above200
2019-10-01,74,SW|HWM|FERG,above200
2019-10-02,144,HWM|SW|AZO,above200
2019-10-03,35,AZO|FERG|ECHO,above200
2019-10-04,3,ECHO|MCK|STZ,above200
2019-10-07,5,ECHO|STZ|MCK,above200
2019-10-08,24,ECHO|OKE|TSN,above200
2019-10-09,2,EVRG|EG,above200
2019-10-10,4,EVRG|EG|AEE,above200
2019-10-11,7,EIX|CHD|UDR,above200
2019-10-14,19,EIX|MKC|LNT,above200
2019-10-15,31,EIX|MKC|CHD,above200
2019-10-16,13,MKC|EIX|PSA,above200
2019-10-17,10,PSA|CB|LMT,above200
2019-10-18,15,LMT|CB|FIS,above200
2019-10-21,12,CF|VRSK|CME,above200
2019-10-22,41,VRSK|FISV|SBUX,above200
2019-10-23,25,VRSK|SBUX|CF,above200
2019-10-24,18,CF|HSY|NKE,above200
2019-10-25,27,HSY|WELL|NKE,above200
2019-10-28,38,HSY|WELL|AMT,above200
2019-10-29,25,NKE|AIG|TJX,above200
2019-10-30,11,NVR|CSGP|DLTR,above200
2019-10-31,18,DLTR|DLR|CSGP,above200
2019-11-01,6,DLR|CSGP|LULU,above200
2019-11-04,32,DLR|CSGP|CCI,above200
2019-11-05,60,DLR|CCI|LULU,above200
2019-11-06,18,DLR|VMC|P,above200
2019-11-07,29,ESS|WELL|ETR,above200
2019-11-08,27,WELL|VMC|FE,above200
2019-11-11,27,FE|D|WEC,above200
2019-11-12,26,ESS|CTAS|TMUS,above200
2019-11-13,33,CTAS|PWR|RF,above200
2019-11-14,23,PWR|GPC|PH,above200
2019-11-15,5,SW|CINF|AIG,above200
2019-11-18,8,AOS|SW|NXPI,above200
2019-11-19,16,SW|NXPI|MPC,above200
2019-11-20,37,FERG|SW|PPG,above200
2019-11-21,51,SW|PPG|KLAC,above200
2019-11-22,46,PPG|SW|KLAC,above200
2019-11-25,19,APD|ATO|HII,above200
2019-11-26,6,GD|APD|PM,above200
2019-11-27,4,EVRG|CME|CBOE,above200
2019-11-29,9,EVRG|VLO|DG,above200
2019-12-02,60,EVRG|DG|GD,above200
2019-12-03,119,DG|GE|QCOM,above200
2019-12-04,32,GE|MRVL|UAL,above200
2019-12-05,19,GE|UPS|UAL,above200
2019-12-06,6,J|LHX|SW,above200
2019-12-09,15,D|NOW|EW,above200
2019-12-10,18,NOW|EW|TYL,above200
2019-12-11,27,JKHY|TYL|DXCM,above200
2019-12-12,26,DXCM|CPT|ICE,above200
2019-12-13,16,VMRK|PLD|KIM,above200
2019-12-16,8,PLD|ARE|STE,above200
2019-12-17,12,PLD|MAA|ARE,above200
2019-12-18,23,HRL|TDY|CAH,above200
2019-12-19,15,LEN|CAH|SYF,above200
2019-12-20,10,SCHW|INCY|HBAN,above200
2019-12-23,10,AIZ|HBAN|TROW,above200
2019-12-24,4,RJF|HIG|GOOG,above200
2019-12-26,2,MDT|NRG,above200
2019-12-27,6,VLO|PSX|NTAP,above200
2019-12-30,41,VLO|AMGN|AZO,above200
2019-12-31,21,EME|SCHW|ECHO,above200
2020-01-02,27,AVY|INCY|APD,above200
2020-01-03,50,APD|STLD|AVY,above200
2020-01-06,47,AVY|APD|STLD,above200
2020-01-07,68,ACN|AVY|PKG,above200
2020-01-08,34,WMT|USB|GPC,above200
2020-01-09,19,ADM|FERG|URI,above200
2020-01-10,24,ADM|URI|AVGO,above200
2020-01-13,11,URI|DPZ|AZO,above200
2020-01-14,13,URI|WFC|BSX,above200
2020-01-15,22,USB|BSX|T,above200
2020-01-16,9,BNY|AME|BKNG,above200
2020-01-17,8,TPL|VRT|CDW,above200
2020-01-21,18,BKNG|TPL|KMI,above200
2020-01-22,28,TPL|COP|VLO,above200
2020-01-23,29,TPL|VLO|ABBV,above200
2020-01-24,75,TPL|ABBV|VLO,above200
2020-01-27,157,TPL|REGN|FERG,above200
2020-01-28,16,NWS|NWSA|FERG,above200
2020-01-29,23,NWS|NWSA|FERG,above200
2020-01-30,23,JBL|ECHO|BF-B,above200
2020-01-31,94,JBL|MDT|ROST,above200
2020-02-03,27,SW|ECHO|WY,above200
2020-02-04,11,SW|WY|NOC,above200
2020-02-05,4,ES|AEP|EVRG,above200
2020-02-06,1,SO,above200
2020-02-07,11,ECHO|SO|GNRC,above200
2020-02-10,2,ECHO|JBL,above200
2020-02-11,3,PG|EFX|GS,above200
2020-02-12,7,CME|PG|MDT,above200
2020-02-13,13,VTRS|TXT|LLY,above200
2020-02-14,8,LLY|MTD|MAS,above200
2020-02-18,33,MTD|HII|LLY,above200
2020-02-19,21,HII|LLY|SW,above200
2020-02-20,27,JNJ|SW|IFF,above200
2020-02-21,57,GE|IFF|SW,above200
2020-02-24,191,LUV|TDG|GE,above200
2020-02-25,215,SW|TDG|GE,above200
2020-02-26,161,SW|GE|TDG,above200
2020-02-27,0,,below200
2020-02-28,0,,below200
2020-03-02,2,FERG|GDDY,above200
2020-03-03,0,,below200
2020-03-04,0,,above200
2020-03-05,0,,below200
2020-03-06,0,,below200
2020-03-09,0,,below200
2020-03-10,0,,below200
2020-03-11,0,,below200
2020-03-12,0,,below200
2020-03-13,0,,below200
2020-03-16,0,,below200
2020-03-17,0,,below200
2020-03-18,0,,below200
2020-03-19,0,,below200
2020-03-20,0,,below200
2020-03-23,0,,below200
2020-03-24,0,,below200
2020-03-25,0,,below200
2020-03-26,0,,below200
2020-03-27,0,,below200
2020-03-30,0,,below200
2020-03-31,0,,below200
2020-04-01,0,,below200
2020-04-02,0,,below200
2020-04-03,0,,below200
2020-04-06,0,,below200
2020-04-07,0,,below200
2020-04-08,0,,below200
2020-04-09,0,,below200
2020-04-13,0,,below200
2020-04-14,0,,below200
2020-04-15,0,,below200
2020-04-16,0,,below200
2020-04-17,0,,below200
2020-04-20,0,,below200
2020-04-21,0,,below200
2020-04-22,0,,below200
2020-04-23,0,,below200
2020-04-24,0,,below200
2020-04-27,0,,below200
2020-04-28,0,,below200
2020-04-29,0,,below200
2020-04-30,0,,below200
2020-05-01,0,,below200
2020-05-04,0,,below200
2020-05-05,0,,below200
2020-05-06,0,,below200
2020-05-07,0,,below200
2020-05-08,0,,below200
2020-05-11,0,,below200
2020-05-12,0,,below200
2020-05-13,0,,below200
2020-05-14,0,,below200
2020-05-15,0,,below200
2020-05-18,0,,below200
2020-05-19,0,,below200
2020-05-20,0,,below200
2020-05-21,0,,below200
2020-05-22,0,,below200
2020-05-26,0,,below200
2020-05-27,6,LLY|RMD|WMT,above200
2020-05-28,2,BMY|AMZN,above200
2020-05-29,1,BMY,above200
2020-06-01,0,,above200
2020-06-02,0,,above200
2020-06-03,0,,above200
2020-06-04,17,INCY|WMT|ABT,above200
2020-06-05,7,WMT|INCY|AKAM,above200
2020-06-08,3,WMT|SBAC|TYL,above200
2020-06-09,6,TYL|BAX|IDXX,above200
2020-06-10,3,DGX|BAX|AMCR,above200
2020-06-11,0,,below200
2020-06-12,26,DGX|LDOS|CMG,above200
2020-06-15,6,LDOS|CI|GWW,above200
2020-06-16,0,,above200
2020-06-17,0,,above200
2020-06-18,0,,above200
2020-06-19,8,NEE|DGX|LDOS,above200
2020-06-22,3,CRL|CHRW|ANET,above200
2020-06-23,8,ANET|GIS|ICE,above200
2020-06-24,29,CRL|NDSN|CL,above200
2020-06-25,8,FFIV|ISRG|CAH,above200
2020-06-26,0,,below200
2020-06-29,0,,above200
2020-06-30,1,WSM,above200
2020-07-01,1,HRL,above200
2020-07-02,0,,above200
2020-07-06,1,DG,above200
2020-07-07,4,GDDY|MCK|ARE,above200
2020-07-08,4,KR|MCK|PGR,above200
2020-07-09,8,EFX|STE|AZO,above200
2020-07-10,4,ABBV|CNC|HUM,above200
2020-07-13,24,INCY|CSGP|AMT,above200
2020-07-14,3,INTU|CSGP|VRSN,above200
2020-07-15,0,,above200
2020-07-16,9,ADBE|ORCL|WDAY,above200
2020-07-17,3,ORCL|AMZN|MSFT,above200
2020-07-20,1,WSM,above200
2020-07-21,0,,above200
2020-07-22,3,GS|ADI|EBAY,above200
2020-07-23,17,ADI|EBAY|MRVL,above200
2020-07-24,32,NXPI|GILD|LLY,above200
2020-07-27,5,JNJ|JBHT|UNH,above200
2020-07-28,17,FFIV|JBHT|JNJ,above200
2020-07-29,2,FFIV|JNJ,above200
2020-07-30,9,FFIV|DLTR|ALB,above200
2020-07-31,14,AXON|CASY|DLTR,above200
2020-08-03,7,WMT|WTW|AON,above200
2020-08-04,11,WAT|DVA|AON,above200
2020-08-05,6,HSY|WTW|AON,above200
2020-08-06,14,RMD|WTW|DVA,above200
2020-08-07,12,RMD|WTW|KDP,above200
2020-08-10,26,WTW|TECH|TYL,above200
2020-08-11,62,WTW|TYL|AMGN,above200
2020-08-12,4,ORCL|ANET|NEM,above200
2020-08-13,4,ORCL|ANET|P,above200
2020-08-14,5,NDAQ|FFIV|FLEX,above200
2020-08-17,6,FFIV|BRK-B|FLEX,above200
2020-08-18,13,FLEX|FFIV|RSG,above200
2020-08-19,27,FLEX|DGX|DECK,above200
2020-08-20,64,J|NDSN|ADM,above200
2020-08-21,54,J|NDSN|STE,above200
2020-08-24,29,NDSN|STE|VMC,above200
2020-08-25,13,PCAR|VMC|CIEN,above200
2020-08-26,10,CIEN|HRL|AWK,above200
2020-08-27,15,CIEN|DGX|FIX,above200
2020-08-28,12,LLY|AZO|FDS,above200
2020-08-31,14,DPZ|FDS|PHM,above200
2020-09-01,13,FERG|ARE|PFE,above200
2020-09-02,1,DPZ,above200
2020-09-03,14,TGT|DPZ|PANW,above200
2020-09-04,32,DPZ|SW|ICE,above200
2020-09-08,131,DPZ|IBKR|ICE,above200
2020-09-09,9,IBKR|LULU|KHC,above200
2020-09-10,8,IBKR|BKNG|KHC,above200
2020-09-11,6,BKNG|EXPE|YUM,above200
2020-09-14,7,IRM|BKNG|KR,above200
2020-09-15,5,GDDY|KR|KMB,above200
2020-09-16,7,KR|GDDY|SJM,above200
2020-09-17,13,GDDY|EBAY|SJM,above200
2020-09-18,50,GDDY|BF-B|EBAY,above200
2020-09-21,119,GRMN|BF-B|ORLY,above200
2020-09-22,23,AZO|ERIE|EW,above200
2020-09-23,55,AZO|NEM|MDLZ,above200
2020-09-24,36,EW|MRSH|ERIE,above200
2020-09-25,3,DOW|BF-B|ACN,above200
2020-09-28,0,,above200
2020-09-29,1,MRK,above200
2020-09-30,1,PSKY,above200
2020-10-01,2,JBHT|PSKY,above200
2020-10-02,3,AKAM|FDS|ORCL,above200
2020-10-05,2,FDS|CHD,above200
2020-10-06,13,CHD|FDS|EBAY,above200
2020-10-07,2,ZTS|FERG,above200
2020-10-08,2,DPZ|FERG,above200
2020-10-09,2,DPZ|FERG,above200
2020-10-12,0,,above200
2020-10-13,6,SBAC|UBER|HLT,above200
2020-10-14,7,SBAC|UBER|RVTY,above200
2020-10-15,20,LIN|VZ|EXPE,above200
2020-10-16,15,INVH|TJX|MAA,above200
2020-10-19,67,TJX|VZ|INVH,above200
2020-10-20,38,TJX|SJM|CSGP,above200
2020-10-21,52,CSGP|NFLX|MRVL,above200
2020-10-22,48,CSGP|NFLX|STZ,above200
2020-10-23,18,CSGP|CHTR|EQIX,above200
2020-10-26,63,CHTR|MDLZ|AMCR,above200
2020-10-27,96,MDLZ|AMCR|FERG,above200
2020-10-28,163,FERG|AMCR|SOXX,above200
2020-10-29,59,FERG|DELL|SPGI,above200
2020-10-30,57,SPGI|DELL|DLR,above200
2020-11-02,11,CASY|CMG|MCD,above200
2020-11-03,3,WAT|EXPD|ARES,above200
2020-11-04,2,WAT|EXPD,above200
2020-11-05,0,,above200
2020-11-06,3,VRT|EXR|LNT,above200
2020-11-09,12,EXR|MKC|VRT,above200
2020-11-10,3,VRT|KHC|CRL,above200
2020-11-11,1,APD,above200
2020-11-12,4,APD|DLTR|ROK,above200
2020-11-13,1,APD,above200
2020-11-16,0,,above200
2020-11-17,6,AEP|AZO|FERG,above200
2020-11-18,32,A|NEM|TMO,above200
2020-11-19,26,LNT|UNH|NEM,above200
2020-11-20,31,UNH|CASY|TMO,above200
2020-11-23,31,EQIX|TMO|PSA,above200
2020-11-24,22,CRL|PGR|TMO,above200
2020-11-25,13,RSG|XEL|ERIE,above200
2020-11-27,11,XEL|RSG|ERIE,above200
2020-11-30,26,XEL|RSG|ERIE,above200
2020-12-01,15,ERIE|NVR|ROK,above200
2020-12-02,20,ERIE|NVR|MCD,above200
2020-12-03,36,ERIE|DVA|ETN,above200
2020-12-04,15,BBY|LII|HD,above200
2020-12-07,12,BBY|HD|CMI,above200
2020-12-08,12,HD|ETR|TGT,above200
2020-12-09,22,ETR|DG|PEG,above200
2020-12-10,53,DG|ETR|PEG,above200
2020-12-11,62,ETR|PEG|SCHW,above200
2020-12-14,114,ETR|BRK-B|PEG,above200
2020-12-15,9,FOX|PFE|WMT,above200
2020-12-16,14,SNA|PFE|FOX,above200
2020-12-17,9,SNA|URI|TSN,above200
2020-12-18,27,SNA|URI|AMAT,above200
2020-12-21,39,SNA|TSN|CVX,above200
2020-12-22,70,SNA|CVX|TSN,above200
2020-12-23,33,BXP|COST|WMT,above200
2020-12-24,14,EBAY|SBUX|NUE,above200
2020-12-28,14,WSM|NUE|FDX,above200
2020-12-29,38,STX|ARES|NUE,above200
2020-12-30,25,STX|ARES|FDX,above200
2020-12-31,11,ARES|FDX|TSCO,above200
2021-01-04,46,ARES|FDX|TSCO,above200
2021-01-05,29,ARES|FDX|PHM,above200
2021-01-06,26,PHM|NVR|PANW,above200
2021-01-07,7,FDX|KO|FICO,above200
2021-01-08,2,FDX|UPS,above200
2021-01-11,12,IRM|MCO|KHC,above200
2021-01-12,16,MCO|KHC|VRSK,above200
2021-01-13,20,KHC|PCG|WY,above200
2021-01-14,51,PCG|GPN|CTAS,above200
2021-01-15,65,GPN|VRSK|CTAS,above200
2021-01-19,52,GPN|CTAS|LULU,above200
2021-01-20,24,PG|USB|CL,above200
2021-01-21,39,PG|ICE|MDLZ,above200
2021-01-22,60,CL|ICE|PPG,above200
2021-01-25,74,CARR|CAT|MAR,above200
2021-01-26,130,CARR|HWM|MS,above200
2021-01-27,210,FERG|CARR|MS,above200
2021-01-28,26,FERG|DOV|TEL,above200
2021-01-29,48,FERG|SYK|DOW,above200
2021-02-01,14,FERG|LDOS|BBY,above200
2021-02-02,5,LLY|AMGN|FFIV,above200
2021-02-03,7,LLY|PNR|JNJ,above200
2021-02-04,8,KHC|WST|DVA,above200
2021-02-05,8,DVA|CI|UNH,above200
2021-02-08,4,UNH|EIX|CSGP,above200
2021-02-09,4,HAS|DOC|RMD,above200
2021-02-10,4,ICE|CME|TDG,above200
2021-02-11,11,ICE|CME|TDG,above200
2021-02-12,9,ICE|EXC|PAYX,above200
2021-02-16,28,PAYX|RMD|EXC,above200
2021-02-17,35,TMUS|NEE|AAPL,above200
2021-02-18,57,WAB|AAPL|NRG,above200
2021-02-19,39,ROL|AWK|NEE,above200
2021-02-22,57,AWK|NEE|NOW,above200
2021-02-23,53,NEE|PLD|FFIV,above200
2021-02-24,27,PLD|NEE|EBAY,above200
2021-02-25,37,PLD|EBAY|AAPL,above200
2021-02-26,40,EBAY|DLTR|TMO,above200
2021-03-01,2,HSY|PSA,above200
2021-03-02,4,FERG|DXCM|TGT,above200
2021-03-03,9,CPT|HSY|INVH,above200
2021-03-04,71,CPT|ZBH|JNJ,above200
2021-03-05,7,TTWO|BX|CMG,above200
2021-03-08,4,ZBRA|PANW|MTD,above200
2021-03-09,2,SW|CBRE,above200
2021-03-10,1,SW,above200
2021-03-11,1,SW,above200
2021-03-12,0,,above200
2021-03-15,3,AON|PKG|LLY,above200
2021-03-16,11,IRM|PKG|LYB,above200
2021-03-17,7,ECL|NEE|AES,above200
2021-03-18,29,ICE|SYK|MA,above200
2021-03-19,55,REG|MA|ADM,above200
2021-03-22,44,ADM|REG|VMC,above200
2021-03-23,99,ADM|REG|VMC,above200
2021-03-24,38,BG|ROST|DRI,above200
2021-03-25,5,NKE|IBKR|VTR,above200
2021-03-26,1,IBKR,above200
2021-03-29,3,IBKR|ARES|MS,above200
2021-03-30,1,IBKR,above200
2021-03-31,5,SW|CMCSA|FISV,above200
2021-04-01,8,SW|EIX|ELV,above200
2021-04-05,1,SW,above200
2021-04-06,6,SW|HUM|COR,above200
2021-04-07,4,DD|LLY|PFE,above200
2021-04-08,10,PSX|PNR|DD,above200
2021-04-09,9,CMCSA|JNJ|AEE,above200
2021-04-12,7,CMCSA|SLB|COP,above200
2021-04-13,19,SLB|NXPI|HAL,above200
2021-04-14,20,NXPI|MRVL|LYV,above200
2021-04-15,6,LYV|DAL|WYNN,above200
2021-04-16,4,DAL|WYNN|STT,above200
2021-04-19,23,DAL|WYNN|SMCI,above200
2021-04-20,76,DAL|WYNN|F,above200
2021-04-21,6,TTWO|FDX|PCG,above200
2021-04-22,20,LMT|PCG|NRG,above200
2021-04-23,13,LMT|PCG|CMG,above200
2021-04-26,26,LMT|WTW|LDOS,above200
2021-04-27,41,SW|EIX|AES,above200
2021-04-28,48,EIX|LOW|PNW,above200
2021-04-29,18,BMY|TYL|RVTY,above200
2021-04-30,47,BMY|TYL|FLEX,above200
2021-05-03,43,FOXA|ABT|EL,above200
2021-05-04,79,ABT|FICO|MPWR,above200
2021-05-05,68,FICO|INTU|MSFT,above200
2021-05-06,37,AES|FICO|EXPE,above200
2021-05-07,5,GDDY|SBAC|IBKR,above200
2021-05-10,13,IBKR|GDDY|CPAY,above200
2021-05-11,42,IBKR|ZBH|CPAY,above200
2021-05-12,204,IBKR|CPAY|ZBH,above200
2021-05-13,13,TDY|DLTR|AES,above200
2021-05-14,2,DIS|COR,above200
2021-05-17,3,DIS|DGX|T,above200
2021-05-18,7,T|DIS|DGX,above200
2021-05-19,42,STE|DIS|HUM,above200
2021-05-20,29,STE|HUM|CTVA,above200
2021-05-21,11,EG|MAS|AMCR,above200
2021-05-24,9,AMCR|TJX|EG,above200
2021-05-25,25,AMCR|EG|WRB,above200
2021-05-26,21,WRB|AZO|PFE,above200
2021-05-27,23,PFE|ORLY|SJM,above200
2021-05-28,9,MCK|HPQ|AZO,above200
2021-06-01,22,HUM|MCK|BMY,above200
2021-06-02,32,CI|BMY|HUM,above200
2021-06-03,56,YUM|VRSN|KLAC,above200
2021-06-04,24,CNC|COO|HD,above200
2021-06-07,45,COO|CNC|AON,above200
2021-06-08,33,COO|AON|KDP,above200
2021-06-09,77,TFC|KDP|RF,above200
2021-06-10,76,TFC|RF|HBAN,above200
2021-06-11,24,HBAN|C|SNA,above200
2021-06-14,47,C|HBAN|SNA,above200
2021-06-15,35,C|SNA|JPM,above200
2021-06-16,80,C|SNA|SWK,above200
2021-06-17,160,C|SNA|SWK,above200
2021-06-18,236,C|SNA|SWK,above200
2021-06-21,4,STX|WDC|SW,above200
2021-06-22,4,STX|WDC|SW,above200
2021-06-23,9,SW|INTC|EQIX,above200
2021-06-24,8,EQIX|SW|DLR,above200
2021-06-25,6,PPG|UAL|DAL,above200
2021-06-28,20,DAL|UAL|LUV,above200
2021-06-29,32,HLT|UAL|DAL,above200
2021-06-30,18,IRM|VMRK|CPT,above200
2021-07-01,4,CVS|KR|BX,above200
2021-07-02,3,VMC|IBM|PWR,above200
2021-07-06,45,ADM|WYNN|PWR,above200
2021-07-07,52,WYNN|GM|TER,above200
2021-07-08,97,GM|CBOE|PWR,above200
2021-07-09,2,SW|ZBH,above200
2021-07-12,7,CRM|PODD|AKAM,above200
2021-07-13,17,PODD|HPQ|NVR,above200
2021-07-14,32,LII|GDDY|CHTR,above200
2021-07-15,66,TKO|GDDY|SYK,above200
2021-07-16,106,COP|PSX|NTAP,above200
2021-07-19,188,BSX|XOM|MPC,above200
2021-07-20,6,OMC|PPG|BIIB,above200
2021-07-21,6,SW|DPZ|GEN,above200
2021-07-22,5,CCI|KHC|CL,above200
2021-07-23,0,,above200
2021-07-26,2,LMT|ELV,above200
2021-07-27,5,UPS|FDX|CNC,above200
2021-07-28,16,UPS|FDX|WRB,above200
2021-07-29,16,UPS|GEN|HUM,above200
2021-07-30,22,UPS|HUM|AMZN,above200
2021-08-02,24,AMGN|PYPL|CFG,above200
2021-08-03,18,SBUX|DIS|FOXA,above200
2021-08-04,42,SBUX|EXPE|FOXA,above200
2021-08-05,12,MNST|GEN|CME,above200
2021-08-06,8,EBAY|GEN|INVH,above200
2021-08-09,23,INVH|GEN|EBAY,above200
2021-08-10,54,INVH|AMT|ROP,above200
2021-08-11,38,AMAT|DPZ|VEEV,above200
2021-08-12,28,AMAT|LRCX|ANET,above200
2021-08-13,21,ANET|LRCX|FFIV,above200
2021-08-16,15,FFIV|CBRE|PTC,above200
2021-08-17,69,FFIV|CBRE|SWKS,above200
2021-08-18,131,FFIV|CBRE|SWKS,above200
2021-08-19,111,FFIV|CBRE|AXP,above200
2021-08-20,13,DE|F|PPG,above200
2021-08-23,7,FTV|VTR|DOC,above200
2021-08-24,16,UNP|CPT|DPZ,above200
2021-08-25,16,TSN|SW|HSY,above200
2021-08-26,34,TSN|HSIC|HSY,above200
2021-08-27,16,SW|MRK|BMY,above200
2021-08-30,7,ETR|SW|CVNA,above200
2021-08-31,14,SW|CVNA|UNP,above200
2021-09-01,19,SW|DECK|TJX,above200
2021-09-02,19,DECK|ACGL|TJX,above200
2021-09-03,26,TJX|MLM|VMC,above200
2021-09-07,73,TJX|MLM|VMC,above200
2021-09-08,62,TJX|MLM|VMC,above200
2021-09-09,62,BIIB|TJX|MLM,above200
2021-09-10,86,TJX|BIIB|BNY,above200
2021-09-13,75,TJX|VRT|SW,above200
2021-09-14,79,LLY|VRT|ETN,above200
2021-09-15,28,VRT|LEN|SW,above200
2021-09-16,35,PKG|GRMN|EL,above200
2021-09-17,73,GRMN|PKG|EL,above200
2021-09-20,149,EL|GRMN|META,above200
2021-09-21,109,GRMN|CSCO|BR,above200
2021-09-22,21,SO|GEN|ILMN,above200
2021-09-23,15,ETR|SO|ILMN,above200
2021-09-24,23,EXR|SO|ILMN,above200
2021-09-27,46,EXR|LNT|PSA,above200
2021-09-28,121,LNT|BDX|UNH,above200
2021-09-29,54,DPZ|WDAY|DECK,above200
2021-09-30,88,DPZ|TRMB|MTD,above200
2021-10-01,25,DPZ|A|XYL,above200
2021-10-04,51,DPZ|EW|A,above200
2021-10-05,8,REGN|EQIX|WSM,above200
2021-10-06,6,REGN|WSM|PFE,above200
2021-10-07,0,,above200
2021-10-08,6,IRM|CHTR|RCL,above200
2021-10-11,15,CHTR|PNR|RCL,above200
2021-10-12,26,CHTR|KLAC|PNR,above200
2021-10-13,26,DRI|JPM|PNR,above200
2021-10-14,3,WFC|USB|MRK,above200
2021-10-15,4,DPZ|MRK|KR,above200
2021-10-18,3,MRK|TRV|SBAC,above200
2021-10-19,5,RCL|DRI|ULTA,above200
2021-10-20,10,DRI|RCL|SYY,above200
2021-10-21,5,RCL|BKR|SYY,above200
2021-10-22,6,SYY|EXPE|GOOGL,above200
2021-10-25,6,EXPE|PANW|GOOGL,above200
2021-10-26,17,PANW|CF|WELL,above200
2021-10-27,66,CF|FOXA|FOX,above200
2021-10-28,23,NOC|CTSH|LHX,above200
2021-10-29,27,NOC|ORLY|HBAN,above200
2021-11-01,15,NOC|MRSH|BSX,above200
2021-11-02,13,NOC|RTX|MOS,above200
2021-11-03,13,AON|CHRW|CRL,above200
2021-11-04,21,GD|AON|CRL,above200
2021-11-05,24,AON|RVTY|IQV,above200
2021-11-08,6,DOC|CRL|TGT,above200
2021-11-09,4,DOC|TDY|TKO,above200
2021-11-10,34,AXON|ICE|APO,above200
2021-11-11,32,AXON|NSC|APTV,above200
2021-11-12,17,NSC|HUM|TFC,above200
2021-11-15,14,HUM|NSC|CINF,above200
2021-11-16,24,NSC|WMT|JPM,above200
2021-11-17,36,CINF|WMT|JPM,above200
2021-11-18,51,JPM|AIG|CINF,above200
2021-11-19,76,JPM|AIG|EOG,above200
2021-11-22,41,AXP|FOXA|CMG,above200
2021-11-23,40,CMG|AXP|DXCM,above200
2021-11-24,21,CMG|XYL|CRM,above200
2021-11-26,100,IFF|CMG|XYL,above200
2021-11-29,32,CMG|ERIE|URI,above200
2021-11-30,71,CMG|URI|STE,above200
2021-12-01,79,STE|ETN|FIX,above200
2021-12-02,4,ELV|NFLX|LITE,above200
2021-12-03,8,ELV|NFLX|AMZN,above200
2021-12-06,3,DHR|LULU|WST,above200
2021-12-07,0,,above200
2021-12-08,0,,above200
2021-12-09,1,LLY,above200
2021-12-10,2,ARES|LULU,above200
2021-12-13,22,ARES|DELL|FITB,above200
2021-12-14,29,ARES|DELL|CARR,above200
2021-12-15,5,CARR|CTVA|NKE,above200
2021-12-16,7,NKE|J|REG,above200
2021-12-17,19,NKE|REG|XOM,above200
2021-12-20,64,NKE|REG|RMD,above200
2021-12-21,6,HUM|AJG|ORCL,above200
2021-12-22,2,ORCL|BDX,above200
2021-12-23,2,ORCL|KR,above200
2021-12-27,2,ORCL|PCG,above200
2021-12-28,1,ORCL,above200
2021-12-29,1,ORCL,above200
2021-12-30,2,ORCL|MCO,above200
2021-12-31,7,ORCL|CNC|MCO,above200
2022-01-03,38,MCO|WDAY|CMG,above200
2022-01-04,64,PANW|CDNS|ZTS,above200
2022-01-05,85,PANW|NFLX|IRM,above200
2022-01-06,57,IRM|INTU|ACN,above200
2022-01-07,73,INTU|P|BR,above200
2022-01-10,67,SPGI|EW|PAYX,above200
2022-01-11,32,VRSN|SBAC|PLD,above200
2022-01-12,11,SBAC|CL|ODFL,above200
2022-01-13,27,SBAC|ODFL|DLR,above200
2022-01-14,49,ODFL|YUM|SHW,above200
2022-01-18,89,ODFL|AVGO|YUM,above200
2022-01-19,110,ODFL|AVGO|WM,above200
2022-01-20,125,ODFL|AVGO|WM,above200
2022-01-21,0,,below200
2022-01-24,0,,below200
2022-01-25,0,,below200
2022-01-26,0,,below200
2022-01-27,0,,below200
2022-01-28,0,,below200
2022-01-31,1,SCHW,above200
2022-02-01,0,,above200
2022-02-02,0,,above200
2022-02-03,2,MRK|AOS,above200
2022-02-04,9,TSN|AOS|MRK,above200
2022-02-07,8,MRK|REG|LOW,above200
2022-02-08,5,VMRK|CL|UDR,above200
2022-02-09,2,PFE|CL,above200
2022-02-10,20,CHD|PGR|PEP,above200
2022-02-11,0,,below200
2022-02-14,0,,below200
2022-02-15,14,CHD|PGR|ED,above200
2022-02-16,10,CHD|ED|MKC,above200
2022-02-17,0,,below200
2022-02-18,0,,below200
2022-02-22,0,,below200
2022-02-23,0,,below200
2022-02-24,0,,below200
2022-02-25,0,,below200
2022-02-28,0,,below200
2022-03-01,0,,below200
2022-03-02,0,,below200
2022-03-03,0,,below200
2022-03-04,0,,below200
2022-03-07,0,,below200
2022-03-08,0,,below200
2022-03-09,0,,below200
2022-03-10,0,,below200
2022-03-11,0,,below200
2022-03-14,0,,below200
2022-03-15,0,,below200
2022-03-16,0,,below200
2022-03-17,0,,below200
2022-03-18,0,,below200
2022-03-21,0,,below200
2022-03-22,1,CPT,above200
2022-03-23,0,,below200
2022-03-24,4,JBHT|FDS|WY,above200
2022-03-25,2,FDS|FICO,above200
2022-03-28,0,,above200
2022-03-29,4,ICE|DE|CVS,above200
2022-03-30,5,JBHT|CVS|SCHW,above200
2022-03-31,12,JBHT|CVS|SCHW,above200
2022-04-01,21,SCHW|CVS|CHRW,above200
2022-04-04,19,CVS|SCHW|UHS,above200
2022-04-05,21,CVS|SCHW|URI,above200
2022-04-06,0,,below200
2022-04-07,19,SCHW|OMC|PKG,above200
2022-04-08,0,,below200
2022-04-11,0,,below200
2022-04-12,0,,below200
2022-04-13,0,,below200
2022-04-14,0,,below200
2022-04-18,0,,below200
2022-04-19,0,,below200
2022-04-20,0,,below200
2022-04-21,0,,below200
2022-04-22,0,,below200
2022-04-25,0,,below200
2022-04-26,0,,below200
2022-04-27,0,,below200
2022-04-28,0,,below200
2022-04-29,0,,below200
2022-05-02,0,,below200
2022-05-03,0,,below200
2022-05-04,0,,below200
2022-05-05,0,,below200
2022-05-06,0,,below200
2022-05-09,0,,below200
2022-05-10,0,,below200
2022-05-11,0,,below200
2022-05-12,0,,below200
2022-05-13,0,,below200
2022-05-16,0,,below200
2022-05-17,0,,below200
2022-05-18,0,,below200
2022-05-19,0,,below200
2022-05-20,0,,below200
2022-05-23,0,,below200
2022-05-24,0,,below200
2022-05-25,0,,below200
2022-05-26,0,,below200
2022-05-27,0,,below200
2022-05-31,0,,below200
2022-06-01,0,,below200
2022-06-02,0,,below200
2022-06-03,0,,below200
2022-06-06,0,,below200
2022-06-07,0,,below200
2022-06-08,0,,below200
2022-06-09,0,,below200
2022-06-10,0,,below200
2022-06-13,0,,below200
2022-06-14,0,,below200
2022-06-15,0,,below200
2022-06-16,0,,below200
2022-06-17,0,,below200
2022-06-21,0,,below200
2022-06-22,0,,below200
2022-06-23,0,,below200
2022-06-24,0,,below200
2022-06-27,0,,below200
2022-06-28,0,,below200
2022-06-29,0,,below200
2022-06-30,0,,below200
2022-07-01,0,,below200
2022-07-05,0,,below200
2022-07-06,0,,below200
2022-07-07,0,,below200
2022-07-08,0,,below200
2022-07-11,0,,below200
2022-07-12,0,,below200
2022-07-13,0,,below200
2022-07-14,0,,below200
2022-07-15,0,,below200
2022-07-18,0,,below200
2022-07-19,0,,below200
2022-07-20,0,,below200
2022-07-21,0,,below200
2022-07-22,0,,below200
2022-07-25,0,,below200
2022-07-26,0,,below200
2022-07-27,0,,below200
2022-07-28,0,,below200
2022-07-29,0,,below200
2022-08-01,0,,below200
2022-08-02,0,,below200
2022-08-03,0,,below200
2022-08-04,0,,below200
2022-08-05,0,,below200
2022-08-08,0,,below200
2022-08-09,0,,below200
2022-08-10,0,,below200
2022-08-11,0,,below200
2022-08-12,0,,below200
2022-08-15,0,,below200
2022-08-16,0,,below200
2022-08-17,0,,below200
2022-08-18,0,,below200
2022-08-19,0,,below200
2022-08-22,0,,below200
2022-08-23,0,,below200
2022-08-24,0,,below200
2022-08-25,0,,below200
2022-08-26,0,,below200
2022-08-29,0,,below200
2022-08-30,0,,below200
2022-08-31,0,,below200
2022-09-01,0,,below200
2022-09-02,0,,below200
2022-09-06,0,,below200
2022-09-07,0,,below200
2022-09-08,0,,below200
2022-09-09,0,,below200
2022-09-12,0,,below200
2022-09-13,0,,below200
2022-09-14,0,,below200
2022-09-15,0,,below200
2022-09-16,0,,below200
2022-09-19,0,,below200
2022-09-20,0,,below200
2022-09-21,0,,below200
2022-09-22,0,,below200
2022-09-23,0,,below200
2022-09-26,0,,below200
2022-09-27,0,,below200
2022-09-28,0,,below200
2022-09-29,0,,below200
2022-09-30,0,,below200
2022-10-03,0,,below200
2022-10-04,0,,below200
2022-10-05,0,,below200
2022-10-06,0,,below200
2022-10-07,0,,below200
2022-10-10,0,,below200
2022-10-11,0,,below200
2022-10-12,0,,below200
2022-10-13,0,,below200
2022-10-14,0,,below200
2022-10-17,0,,below200
2022-10-18,0,,below200
2022-10-19,0,,below200
2022-10-20,0,,below200
2022-10-21,0,,below200
2022-10-24,0,,below200
2022-10-25,0,,below200
2022-10-26,0,,below200
2022-10-27,0,,below200
2022-10-28,0,,below200
2022-10-31,0,,below200
2022-11-01,0,,below200
2022-11-02,0,,below200
2022-11-03,0,,below200
2022-11-04,0,,below200
2022-11-07,0,,below200
2022-11-08,0,,below200
2022-11-09,0,,below200
2022-11-10,0,,below200
2022-11-11,0,,below200
2022-11-14,0,,below200
2022-11-15,0,,below200
2022-11-16,0,,below200
2022-11-17,0,,below200
2022-11-18,0,,below200
2022-11-21,0,,below200
2022-11-22,0,,below200
2022-11-23,0,,below200
2022-11-25,0,,below200
2022-11-28,0,,below200
2022-11-29,0,,below200
2022-11-30,1,P,above200
2022-12-01,2,VLO|ADM,above200
2022-12-02,4,VLO|COP|MPC,above200
2022-12-05,0,,below200
2022-12-06,0,,below200
2022-12-07,0,,below200
2022-12-08,0,,below200
2022-12-09,0,,below200
2022-12-12,0,,below200
2022-12-13,0,,below200
2022-12-14,0,,below200
2022-12-15,0,,below200
2022-12-16,0,,below200
2022-12-19,0,,below200
2022-12-20,0,,below200
2022-12-21,0,,below200
2022-12-22,0,,below200
2022-12-23,0,,below200
2022-12-27,0,,below200
2022-12-28,0,,below200
2022-12-29,0,,below200
2022-12-30,0,,below200
2023-01-03,0,,below200
2023-01-04,0,,below200
2023-01-05,0,,below200
2023-01-06,0,,below200
2023-01-09,0,,below200
2023-01-10,0,,below200
2023-01-11,0,,below200
2023-01-12,0,,below200
2023-01-13,8,DGX|SJM|LMT,above200
2023-01-17,7,EMR|GIS|DGX,above200
2023-01-18,0,,below200
2023-01-19,0,,below200
2023-01-20,0,,below200
2023-01-23,12,GIS|COR|AZO,above200
2023-01-24,7,GIS|COR|TKO,above200
2023-01-25,10,TKO|AMGN|NDAQ,above200
2023-01-26,5,TKO|AMGN|MRK,above200
2023-01-27,12,TKO|AMGN|MRK,above200
2023-01-30,23,ROP|FLEX|WAT,above200
2023-01-31,6,SW|PSX|MA,above200
2023-02-01,11,SW|AIG|PSX,above200
2023-02-02,28,AIG|MCD|EOG,above200
2023-02-03,21,AIG|MCK|MPC,above200
2023-02-06,18,MCK|VLO|MPC,above200
2023-02-07,6,AXON|T|CTVA,above200
2023-02-08,18,NKE|T|AWK,above200
2023-02-09,60,REG|T|O,above200
2023-02-10,34,DAL|EL|NWSA,above200
2023-02-13,5,SW|FCX|DIS,above200
2023-02-14,7,SW|TKO|APD,above200
2023-02-15,4,SW|ZBH|ROP,above200
2023-02-16,30,SW|ZBH|BAC,above200
2023-02-17,40,GDDY|LIN|MA,above200
2023-02-21,137,GDDY|CEG|ARES,above200
2023-02-22,113,A|PLD|ARE,above200
2023-02-23,46,NFLX|ARE|DD,above200
2023-02-24,54,SW|ARE|VRSN,above200
2023-02-27,34,SW|ARE|VRSN,above200
2023-02-28,36,VRSN|UHS|HSIC,above200
2023-03-01,43,VRSN|UHS|HSIC,above200
2023-03-02,24,UHS|CFG|CINF,above200
2023-03-03,3,UHS|HPE|CB,above200
2023-03-06,4,UHS|HPE|TKO,above200
2023-03-07,21,UHS|HPE|TKO,above200
2023-03-08,26,TRV|GL|WMT,above200
2023-03-09,0,,below200
2023-03-10,0,,below200
2023-03-13,0,,below200
2023-03-14,0,,below200
2023-03-15,0,,below200
2023-03-16,1,PH,above200
2023-03-17,0,,below200
2023-03-20,0,,above200
2023-03-21,0,,above200
2023-03-22,0,,below200
2023-03-23,3,PCG|NVR|PNW,above200
2023-03-24,2,EME|HLT,above200
2023-03-27,1,ROST,above200
2023-03-28,2,CDW|ANET,above200
2023-03-29,1,ANET,above200
2023-03-30,1,ANET,above200
2023-03-31,0,,above200
2023-04-03,0,,above200
2023-04-04,5,TT|TER|CARR,above200
2023-04-05,41,TT|TER|PWR,above200
2023-04-06,52,TER|DRI|PWR,above200
2023-04-10,5,MSCI|MCO|CTAS,above200
2023-04-11,6,CRM|ADBE|CSCO,above200
2023-04-12,14,NFLX|WDAY|BKNG,above200
2023-04-13,4,PGR|SJM|CME,above200
2023-04-14,18,SJM|PGR|PNW,above200
2023-04-17,5,WEC|VLO|TER,above200
2023-04-18,12,VLO|CIEN|AMD,above200
2023-04-19,16,HPE|VLO|AMAT,above200
2023-04-20,32,CSCO|MPC|TDY,above200
2023-04-21,31,SW|MPC|INTC,above200
2023-04-24,23,SW|FTNT|SNPS,above200
2023-04-25,60,SNPS|FTNT|SOXX,above200
2023-04-26,74,CDNS|GRMN|IBKR,above200
2023-04-27,14,AXON|ADI|WM,above200
2023-04-28,6,AXON|GILD|TSCO,above200
2023-05-01,3,GILD|DXCM|FTNT,above200
2023-05-02,15,FTNT|GILD|DXCM,above200
2023-05-03,22,FTNT|GILD|DXCM,above200
2023-05-04,37,GILD|TPR|SYK,above200
2023-05-05,6,SYK|MTD|WDAY,above200
2023-05-08,4,WDAY|MTD|CBOE,above200
2023-05-09,9,WDAY|CBOE|HCA,above200
2023-05-10,5,ROK|ULTA|DRI,above200
2023-05-11,16,DRI|CDNS|EXPD,above200
2023-05-12,26,AOS|NKE|MGM,above200
2023-05-15,20,UHS|HUM|WST,above200
2023-05-16,46,UHS|NKE|KHC,above200
2023-05-17,35,WST|UHS|KHC,above200
2023-05-18,28,KHC|MRK|WM,above200
2023-05-19,14,HSY|GIS|PNW,above200
2023-05-22,22,HSY|GIS|SJM,above200
2023-05-23,79,HSY|ROL|GIS,above200
2023-05-24,98,EIX|GIS|WELL,above200
2023-05-25,56,GIS|WELL|ZTS,above200
2023-05-26,33,GIS|WELL|ZTS,above200
2023-05-30,28,MDLZ|GIS|ZTS,above200
2023-05-31,21,LULU|AJG|BKNG,above200
2023-06-01,7,WYNN|VRTX|EG,above200
2023-06-02,1,ORLY,above200
2023-06-05,2,COO|TTWO,above200
2023-06-06,4,TTWO|COO|MSI,above200
2023-06-07,19,TTWO|FICO|IDXX,above200
2023-06-08,6,TECH|COO|TKO,above200
2023-06-09,2,COO|FERG,above200
2023-06-12,2,IBKR|PLD,above200
2023-06-13,2,AKAM|VRSK,above200
2023-06-14,1,RTX,above200
2023-06-15,2,MAR|EXPE,above200
2023-06-16,6,FSLR|EXPE|SYF,above200
2023-06-20,15,FSLR|MAR|BIIB,above200
2023-06-21,29,AKAM|FSLR|SNPS,above200
2023-06-22,41,COF|GRMN|CEG,above200
2023-06-23,54,GRMN|SNPS|WELL,above200
2023-06-26,36,SNPS|COF|BIIB,above200
2023-06-27,3,DXCM|CL|DVA,above200
2023-06-28,5,MKC|HSY|RTX,above200
2023-06-29,3,MKC|HSY|BSX,above200
2023-06-30,1,MU,above200
2023-07-03,0,,above200
2023-07-05,2,LIN|PTC,above200
2023-07-06,36,AXON|PHM|DHI,above200
2023-07-07,49,MNST|AXON|MRK,above200
2023-07-10,14,MKC|HSY|CLX,above200
2023-07-11,7,CLX|MDLZ|LLY,above200
2023-07-12,4,MCK|KMB|PANW,above200
2023-07-13,5,FAST|LLY|WM,above200
2023-07-14,9,FOXA|FOX|NRG,above200
2023-07-17,8,F|NRG|UAL,above200
2023-07-18,14,SO|WM|UDR,above200
2023-07-19,12,BA|HCA|TKO,above200
2023-07-20,30,OTIS|SNA|EFX,above200
2023-07-21,25,UHS|EFX|ISRG,above200
2023-07-24,21,UHS|EFX|ISRG,above200
2023-07-25,16,HUBB|AXP|NWSA,above200
2023-07-26,28,HUBB|NWSA|IR,above200
2023-07-27,64,GWW|HUBB|IR,above200
2023-07-28,35,AOS|VRSN|HCA,above200
2023-07-31,21,HCA|AON|LYV,above200
2023-08-01,21,PNW|ZBH|LYV,above200
2023-08-02,51,MS|ZBH|LYV,above200
2023-08-03,64,MS|CRM|LOW,above200
2023-08-04,71,MS|CRM|LOW,above200
2023-08-07,9,AAPL|TTWO|ISRG,above200
2023-08-08,14,ISRG|TTWO|LOW,above200
2023-08-09,36,TTWO|ALGN|LOW,above200
2023-08-10,31,TTWO|ALGN|RL,above200
2023-08-11,48,RL|COO|GRMN,above200
2023-08-14,20,RL|SW|SWK,above200
2023-08-15,58,RL|SWK|NDSN,above200
2023-08-16,85,RL|SWK|COF,above200
2023-08-17,149,RL|SWK|STZ,above200
2023-08-18,81,ABNB|STZ|NDSN,above200
2023-08-21,47,ABNB|AOS|OTIS,above200
2023-08-22,34,WELL|MDLZ|CHTR,above200
2023-08-23,8,AFL|SW|AMGN,above200
2023-08-24,17,SW|GPN|AMGN,above200
2023-08-25,10,SW|AMGN|DECK,above200
2023-08-28,4,SW|DECK|JBHT,above200
2023-08-29,1,LH,above200
2023-08-30,2,PCG|TKO,above200
2023-08-31,8,MCK|TKO|VTRS,above200
2023-09-01,4,MCK|COR|LH,above200
2023-09-05,32,MCK|COR|BDX,above200
2023-09-06,27,BDX|LYV|UNP,above200
2023-09-07,38,UNP|FAST|BA,above200
2023-09-08,38,FAST|BA|DAL,above200
2023-09-11,22,BA|CRH|ROST,above200
2023-09-12,42,CRH|PTC|BA,above200
2023-09-13,39,PTC|PH|ROST,above200
2023-09-14,17,DAL|KLAC|NFLX,above200
2023-09-15,34,KLAC|PAYX|ON,above200
2023-09-18,25,NFLX|P|SHW,above200
2023-09-19,26,CARR|PANW|NOW,above200
2023-09-20,58,ABNB|FIX|INTC,above200
2023-09-21,126,ABNB|FIX|NOW,above200
2023-09-22,64,ABNB|FIX|GPN,above200
2023-09-25,28,ICE|P|CME,above200
2023-09-26,57,CME|P|TJX,above200
2023-09-27,37,CHD|RSG|ORCL,above200
2023-09-28,15,CHD|BRO|AON,above200
2023-09-29,24,BRO|CHD|AON,above200
2023-10-02,27,AON|BRO|BRK-B,above200
2023-10-03,54,BRO|BRK-B|BR,above200
2023-10-04,19,VST|MPC|BKR,above200
2023-10-05,25,TXT|EMR|PSX,above200
2023-10-06,4,BG|PSX|FDX,above200
2023-10-09,2,FDX|WMT,above200
2023-10-10,0,,above200
2023-10-11,0,,above200
2023-10-12,6,ACN|FDX|PCAR,above200
2023-10-13,22,FDX|FIX|PCAR,above200
2023-10-16,1,APO,above200
2023-10-17,4,VEEV|WDC|BRO,above200
2023-10-18,19,VEEV|RCL|KKR,above200
2023-10-19,70,VEEV|BRO|VRSK,above200
2023-10-20,0,,below200
2023-10-23,0,,below200
2023-10-24,27,VRSK|ERIE|ADP,above200
2023-10-25,0,,below200
2023-10-26,0,,below200
2023-10-27,0,,below200
2023-10-30,0,,below200
2023-10-31,0,,below200
2023-11-01,0,,below200
2023-11-02,1,TPL,above200
2023-11-03,0,,above200
2023-11-06,0,,above200
2023-11-07,6,TPL|HAL|CI,above200
2023-11-08,9,BG|MPC|NOC,above200
2023-11-09,14,MPC|TXT|PSX,above200
2023-11-10,4,EQT|NWSA|NWS,above200
2023-11-13,5,NWSA|PKG|NWS,above200
2023-11-14,1,REGN,above200
2023-11-15,7,REGN|AJG|VRTX,above200
2023-11-16,6,COP|VRTX|CI,above200
2023-11-17,5,AZO|CF|TDG,above200
2023-11-20,4,CF|WMT|DPZ,above200
2023-11-21,3,NRG|AMGN|LYV,above200
2023-11-22,0,,above200
2023-11-24,4,SBUX|LYB|NVR,above200
2023-11-27,6,NVR|SBUX|KEY,above200
2023-11-28,21,SBUX|NVR|CDW,above200
2023-11-29,36,JBL|NVR|ODFL,above200
2023-11-30,12,CDW|JBL|AVGO,above200
2023-12-01,6,NFLX|LLY|GOOG,above200
2023-12-04,16,NFLX|GOOG|CPRT,above200
2023-12-05,22,CPRT|FANG|DIS,above200
2023-12-06,46,CPRT|CEG|FANG,above200
2023-12-07,22,CPRT|CEG|ACGL,above200
2023-12-08,13,CPRT|CASY|VRSK,above200
2023-12-11,5,SBAC|EQIX|AMT,above200
2023-12-12,10,FIS|SBAC|AMT,above200
2023-12-13,1,VZ,above200
2023-12-14,9,MCK|CBOE|AJG,above200
2023-12-15,16,MCK|CAH|BRO,above200
2023-12-18,3,UNH|J|COR,above200
2023-12-19,2,UNH|ALL,above200
2023-12-20,28,UNH|ALL|FDX,above200
2023-12-21,6,ALL|PAYX|ULTA,above200
2023-12-22,2,ULTA|AAPL,above200
2023-12-26,5,AZO|AAPL|ABNB,above200
2023-12-27,2,ABNB|SNPS,above200
2023-12-28,5,DECK|IP|NTAP,above200
2023-12-29,17,DECK|IP|AKAM,above200
2024-01-02,119,NTAP|SNPS|AKAM,above200
2024-01-03,187,MAS|LOW|A,above200
2024-01-04,108,AKAM|AMZN|LOW,above200
2024-01-05,75,AKAM|SNPS|CDNS,above200
2024-01-08,8,IEX|GD|AIZ,above200
2024-01-09,24,GD|AIZ|LULU,above200
2024-01-10,18,AIZ|PSX|GD,above200
2024-01-11,41,GD|REG|ITW,above200
2024-01-12,44,REG|CVS|DD,above200
2024-01-16,65,DD|REG|MS,above200
2024-01-17,99,REG|DD|BAC,above200
2024-01-18,46,REG|KEY|USB,above200
2024-01-19,10,SBAC|CNC|KMI,above200
2024-01-22,6,TSN|KMI|DUK,above200
2024-01-23,4,AMT|DVA|LOW,above200
2024-01-24,15,AMT|MDT|ABT,above200
2024-01-25,9,MRSH|DPZ|CI,above200
2024-01-26,11,COO|DXCM|CI,above200
2024-01-29,6,AJG|WTW|CBOE,above200
2024-01-30,8,AAPL|QCOM|CBOE,above200
2024-01-31,29,AAPL|WSM|GRMN,above200
2024-02-01,26,IP|NTRS|AFL,above200
2024-02-02,10,BXP|PKG|NDAQ,above200
2024-02-05,28,BXP|NDAQ|CBRE,above200
2024-02-06,16,USB|GEN|VZ,above200
2024-02-07,14,VZ|USB|RCL,above200
2024-02-08,15,VZ|T|AMGN,above200
2024-02-09,15,VZ|AMGN|WMB,above200
2024-02-12,7,NRG|TSN|PG,above200
2024-02-13,37,C|BR|TMO,above200
2024-02-14,13,PG|CHD|AKAM,above200
2024-02-15,3,AKAM|AAPL|WAB,above200
2024-02-16,14,AKAM|ADBE|AMGN,above200
2024-02-20,24,AKAM|ADBE|AMGN,above200
2024-02-21,27,AKAM|ADBE|ANET,above200
2024-02-22,6,AKAM|ADBE|RTX,above200
2024-02-23,2,FRT|ALLE,above200
2024-02-26,12,FRT|ALLE|TFC,above200
2024-02-27,5,TTWO|UNH|PLD,above200
2024-02-28,15,INTC|CVS|VTRS,above200
2024-02-29,15,CVS|AMGN|GPN,above200
2024-03-01,17,CVS|WTW|WRB,above200
2024-03-04,15,WDAY|MRK|CB,above200
2024-03-05,31,WDAY|MRK|ADP,above200
2024-03-06,19,ADP|VRSK|ZTS,above200
2024-03-07,11,ZTS|TJX|WDAY,above200
2024-03-08,11,WDAY|HSIC|ROST,above200
2024-03-11,23,HD|LLY|RJF,above200
2024-03-12,9,STX|SCHW|AEP,above200
2024-03-13,14,STX|AEP|EQIX,above200
2024-03-14,55,STX|AEP|HBAN,above200
2024-03-15,73,IDXX|KEYS|HBAN,above200
2024-03-18,44,HBAN|KEYS|ABT,above200
2024-03-19,16,HBAN|KEYS|CTSH,above200
2024-03-20,4,HPQ|ULTA|EQIX,above200
2024-03-21,8,ULTA|EQIX|DRI,above200
2024-03-22,15,ULTA|EQIX|MRSH,above200
2024-03-25,24,ULTA|MRSH|EQIX,above200
2024-03-26,33,CF|DTE|CBOE,above200
2024-03-27,6,V|CRM|ANET,above200
2024-03-28,8,META|CRM|NFLX,above200
2024-04-01,12,ABNB|MNST|V,above200
2024-04-02,54,ADSK|ABNB|VEEV,above200
2024-04-03,45,ADSK|ABNB|COST,above200
2024-04-04,112,ADSK|ABNB|PTC,above200
2024-04-05,29,ADSK|WM|ROST,above200
2024-04-08,14,WY|WM|TDY,above200
2024-04-09,19,HII|CAH|WM,above200
2024-04-10,61,HII|CAH|PRU,above200
2024-04-11,66,CAH|T|PRU,above200
2024-04-12,137,CAH|PRU|T,above200
2024-04-15,179,PRU|T|PFG,above200
2024-04-16,159,PRU|T|PFG,above200
2024-04-17,131,PRU|UHS|CSX,above200
2024-04-18,114,UHS|HCA|SYK,above200
2024-04-19,86,SYK|EMR|PCAR,above200
2024-04-22,15,DPZ|FERG|NFLX,above200
2024-04-23,5,NUE|TPR|PKG,above200
2024-04-24,3,NUE|STLD|DE,above200
2024-04-25,10,ORLY|TXT|DE,above200
2024-04-26,24,ORLY|CINF|WTW,above200
2024-04-29,14,ORLY|NVR|DG,above200
2024-04-30,56,ORLY|DG|NVR,above200
2024-05-01,54,ORLY|DG|TGT,above200
2024-05-02,23,AME|DG|ICE,above200
2024-05-03,12,COP|IR|COR,above200
2024-05-06,4,COR|TMUS|NOC,above200
2024-05-07,3,TMUS|FAST|FDX,above200
2024-05-08,6,FDX|GPC|RMD,above200
2024-05-09,4,ABNB|CPAY|VTRS,above200
2024-05-10,9,ABNB|F|ATO,above200
2024-05-13,7,GE|ATO|AXON,above200
2024-05-14,13,AXON|FANG|MPC,above200
2024-05-15,15,AXON|DIS|FANG,above200
2024-05-16,17,AXON|FANG|COP,above200
2024-05-17,10,AXON|CI|FAST,above200
2024-05-20,16,CI|IEX|GPC,above200
2024-05-21,19,UNP|IEX|COR,above200
2024-05-22,54,GPC|AIZ|UNP,above200
2024-05-23,125,AIZ|AMCR|UNP,above200
2024-05-24,45,UNP|WAT|ARE,above200
2024-05-28,72,UAL|WAT|ARE,above200
2024-05-29,110,WAT|BLK|MA,above200
2024-05-30,44,WAT|A|MTD,above200
2024-05-31,20,A|TECH|AVGO,above200
2024-06-03,25,ZBRA|AVGO|APH,above200
2024-06-04,37,ZBRA|APH|TPL,above200
2024-06-05,5,TSN|STLD|AIG,above200
2024-06-06,12,SW|TSN|WFC,above200
2024-06-07,24,TSN|SW|D,above200
2024-06-10,24,SW|HBAN|TFC,above200
2024-06-11,54,AXP|PFG|TFC,above200
2024-06-12,44,AXP|CMS|PGR,above200
2024-06-13,36,AXP|TSN|RTX,above200
2024-06-14,54,SW|MO|RTX,above200
2024-06-17,29,SW|EIX|CMS,above200
2024-06-18,21,EIX|CMS|D,above200
2024-06-20,16,DECK|EXE|JCI,above200
2024-06-21,10,DECK|TECH|PM,above200
2024-06-24,13,DECK|RMD|HPE,above200
2024-06-25,19,DECK|YUM|FERG,above200
2024-06-26,32,KKR|YUM|FERG,above200
2024-06-27,42,CHD|APD|FIS,above200
2024-06-28,50,CHD|DIS|PWR,above200
2024-07-01,78,PCG|MTD|GWW,above200
2024-07-02,34,PCG|GD|MTD,above200
2024-07-03,25,GD|MTD|RL,above200
2024-07-05,28,GD|MTD|KDP,above200
2024-07-08,17,GD|MTD|KDP,above200
2024-07-09,21,MTD|GD|KDP,above200
2024-07-10,8,KDP|VLO|CNP,above200
2024-07-11,16,NFLX|ABNB|INVH,above200
2024-07-12,12,NFLX|ACGL|UDR,above200
2024-07-15,12,INVH|UAL|DAL,above200
2024-07-16,5,EW|SCHW|META,above200
2024-07-17,24,META|CDNS|ANET,above200
2024-07-18,30,FCX|EW|ANET,above200
2024-07-19,39,FCX|ANET|AMZN,above200
2024-07-22,10,AMZN|VZ|TMUS,above200
2024-07-23,16,FANG|EOG|TMUS,above200
2024-07-24,39,MGM|FCX|MAR,above200
2024-07-25,58,GLW|WM|MAR,above200
2024-07-26,12,WM|DLR|ROL,above200
2024-07-29,7,BBY|BAC|GLW,above200
2024-07-30,13,GLW|BBY|WMT,above200
2024-07-31,14,WMT|AXON|INCY,above200
2024-08-01,26,AXON|SW|BAC,above200
2024-08-02,77,AXON|BAC|GM,above200
2024-08-05,122,AXON|BAC|USB,above200
2024-08-06,26,INCY|STT|GOOGL,above200
2024-08-07,25,INCY|STT|HPQ,above200
2024-08-08,3,PFE|MCK|VRTX,above200
2024-08-09,3,PFE|MCK|UNH,above200
2024-08-12,3,PFE|EXC|ABT,above200
2024-08-13,2,KR|CL,above200
2024-08-14,0,,above200
2024-08-15,5,CCI|STE|O,above200
2024-08-16,3,HSY|BR|DUK,above200
2024-08-19,0,,above200
2024-08-20,4,MPC|XOM|FANG,above200
2024-08-21,4,LMT|XOM|EQIX,above200
2024-08-22,4,CHTR|AWK|CF,above200
2024-08-23,2,GD|ZTS,above200
2024-08-26,4,AXON|GD|YUM,above200
2024-08-27,7,GD|YUM|COR,above200
2024-08-28,8,DASH|META|PEP,above200
2024-08-29,16,NTAP|PEP|DASH,above200
2024-08-30,3,DVA|CBOE|TJX,above200
2024-09-03,14,GLW|HWM|TPL,above200
2024-09-04,18,CHTR|TPL|FANG,above200
2024-09-05,53,CHTR|TPL|LH,above200
2024-09-06,122,LH|CHTR|MSCI,above200
2024-09-09,20,CHTR|MSCI|IQV,above200
2024-09-10,19,CHTR|IQV|SW,above200
2024-09-11,23,FOX|FOXA|BKR,above200
2024-09-12,15,FOXA|FOX|BRK-B,above200
2024-09-13,6,BRK-B|TSN|VRSK,above200
2024-09-16,3,AAPL|GRMN|CL,above200
2024-09-17,7,CL|MO|WM,above200
2024-09-18,22,CL|PLD|GRMN,above200
2024-09-19,35,CL|VTR|O,above200
2024-09-20,29,PEP|VTR|REG,above200
2024-09-23,9,ES|HSY|JNJ,above200
2024-09-24,14,HSY|WRB|REGN,above200
2024-09-25,38,JNJ|ES|WRB,above200
2024-09-26,30,ES|CI|ELV,above200
2024-09-27,20,LLY|MAA|UHS,above200
2024-09-30,8,UHS|TRV|AMZN,above200
2024-10-01,19,UHS|AMZN|LII,above200
2024-10-02,31,UHS|LII|MDLZ,above200
2024-10-03,82,UHS|CPT|AMZN,above200
2024-10-04,59,TJX|ROST|MCO,above200
2024-10-07,90,TJX|SHW|PG,above200
2024-10-08,38,KVUE|DE|DOV,above200
2024-10-09,27,KVUE|DOV|ES,above200
2024-10-10,47,KVUE|DOC|XEL,above200
2024-10-11,5,LEN|GIS|DHI,above200
2024-10-14,3,GIS|HAS|BBY,above200
2024-10-15,11,BKR|SW|CF,above200
2024-10-16,9,CF|ERIE|MTD,above200
2024-10-17,13,ERIE|NFLX|MTD,above200
2024-10-18,7,ERIE|EBAY|EOG,above200
2024-10-21,31,ERIE|GIS|CHTR,above200
2024-10-22,64,ERIE|EBAY|EOG,above200
2024-10-23,82,ERIE|MMM|EOG,above200
2024-10-24,75,ERIE|CARR|MMM,above200
2024-10-25,98,ERIE|MMM|CLX,above200
2024-10-28,41,GEHC|KDP|VLTO,above200
2024-10-29,51,GEHC|KO|VLTO,above200
2024-10-30,50,IBM|VLTO|LMT,above200
2024-10-31,78,EBAY|VLTO|SPGI,above200
2024-11-01,70,VLTO|BR|NEM,above200
2024-11-04,57,APD|BR|RTX,above200
2024-11-05,7,LVS|ES|FTNT,above200
2024-11-06,6,O|SBAC|VTR,above200
2024-11-07,7,JNJ|CTVA|ED,above200
2024-11-08,2,CTVA|CBOE,above200
2024-11-11,3,JKHY|RVTY|AEP,above200
2024-11-12,7,AEP|CTVA|JKHY,above200
2024-11-13,13,JKHY|RVTY|RMD,above200
2024-11-14,35,RVTY|JKHY|COO,above200
2024-11-15,66,ILMN|COO|IBM,above200
2024-11-18,51,ILMN|COO|ANET,above200
2024-11-19,52,COO|WAT|MAS,above200
2024-11-20,34,URI|VMC|PCAR,above200
2024-11-21,7,MCD|CHRW|HON,above200
2024-11-22,4,CHRW|GOOGL|GOOG,above200
2024-11-25,4,CHRW|NVDA|LMT,above200
2024-11-26,3,CHRW|LMT|XOM,above200
2024-11-27,7,CHRW|AVGO|ADSK,above200
2024-11-29,3,WDAY|AME|CHD,above200
2024-12-02,24,MTB|RF|IBKR,above200
2024-12-03,76,AFL|FDX|KEY,above200
2024-12-04,99,GL|MTB|WFC,above200
2024-12-05,77,ODFL|GNRC|HSIC,above200
2024-12-06,73,CTVA|BKR|GNRC,above200
2024-12-09,109,GWW|BRO|RF,above200
2024-12-10,112,BRO|RF|GNRC,above200
2024-12-11,81,NSC|GWW|MCK,above200
2024-12-12,57,GWW|FAST|APD,above200
2024-12-13,59,GWW|FAST|TSN,above200
2024-12-16,80,GWW|FAST|TSN,above200
2024-12-17,112,GWW|FAST|PNC,above200
2024-12-18,198,GWW|FAST|PNC,above200
2024-12-19,113,GWW|FAST|PNC,above200
2024-12-20,9,CPRT|META|CHTR,above200
2024-12-23,9,COST|CHTR|WMT,above200
2024-12-24,0,,above200
2024-12-26,1,MO,above200
2024-12-27,6,MKC|MO|CME,above200
2024-12-30,58,PM|MO|COST,above200
2024-12-31,79,VEEV|COST|LYV,above200
2025-01-02,74,CHRW|CPRT|DE,above200
2025-01-03,26,AAPL|LNT|XEL,above200
2025-01-06,30,WEC|XEL|LNT,above200
2025-01-07,36,FDS|RCL|TMUS,above200
2025-01-08,16,FDS|GILD|ULTA,above200
2025-01-10,53,FDS|NFLX|AIZ,above200
2025-01-13,24,T|APO|NOW,above200
2025-01-14,11,AAPL|FTNT|NFLX,above200
2025-01-15,2,LULU|AZO,above200
2025-01-16,3,DIS|LULU|AZO,above200
2025-01-17,0,,above200
2025-01-21,1,FOXA,above200
2025-01-22,1,EXPE,above200
2025-01-23,4,WRB|CINF|FICO,above200
2025-01-24,5,FICO|EOG|TPL,above200
2025-01-27,25,OKE|EXE|BKR,above200
2025-01-28,19,JCI|PCAR|BKR,above200
2025-01-29,18,PKG|BKR|KMI,above200
2025-01-30,11,PKG|EOG|CHTR,above200
2025-01-31,14,PKG|OKE|IP,above200
2025-02-03,21,PKG|CHRW|LUV,above200
2025-02-04,26,PKG|KKR|BX,above200
2025-02-05,12,PKG|EMR|J,above200
2025-02-06,8,RVTY|DVA|CF,above200
2025-02-07,15,APD|RVTY|BLK,above200
2025-02-10,20,BLK|APD|INCY,above200
2025-02-11,31,XYZ|IT|INCY,above200
2025-02-12,42,IT|WAT|BX,above200
2025-02-13,12,WAT|BX|TDY,above200
2025-02-14,17,WAT|LULU|TDY,above200
2025-02-18,8,DUK|AIZ|GDDY,above200
2025-02-19,8,AIZ|VEEV|PNR,above200
2025-02-20,23,PNR|BR|VEEV,above200
2025-02-21,79,PNR|VEEV|AMZN,above200
2025-02-24,69,PNR|AMZN|JBL,above200
2025-02-25,67,FLEX|BSX|JBL,above200
2025-02-26,26,KEYS|BKR|ACN,above200
2025-02-27,27,KEYS|EQT|EXE,above200
2025-02-28,6,ACN|GEHC|IBM,above200
2025-03-03,13,ACN|IBM|GEHC,above200
2025-03-04,30,GEHC|FTV|IP,above200
2025-03-05,8,TFC|LYV|CFG,above200
2025-03-06,37,SBUX|LYV|CFG,above200
2025-03-07,30,RL|HLT|SPG,above200
2025-03-10,0,,below200
2025-03-11,0,,below200
2025-03-12,0,,below200
2025-03-13,0,,below200
2025-03-14,0,,below200
2025-03-17,0,,below200
2025-03-18,0,,below200
2025-03-19,0,,below200
2025-03-20,0,,below200
2025-03-21,0,,below200
2025-03-24,9,KMB|AWK|MDT,above200
2025-03-25,22,ABBV|MDT|XEL,above200
2025-03-26,0,,below200
2025-03-27,0,,below200
2025-03-28,0,,below200
2025-03-31,0,,below200
2025-04-01,0,,below200
2025-04-02,0,,below200
2025-04-03,0,,below200
2025-04-04,0,,below200
2025-04-07,0,,below200
2025-04-08,0,,below200
2025-04-09,0,,below200
2025-04-10,0,,below200
2025-04-11,0,,below200
2025-04-14,0,,below200
2025-04-15,0,,below200
2025-04-16,0,,below200
2025-04-17,0,,below200
2025-04-21,0,,below200
2025-04-22,0,,below200
2025-04-23,0,,below200
2025-04-24,0,,below200
2025-04-25,0,,below200
2025-04-28,0,,below200
2025-04-29,0,,below200
2025-04-30,0,,below200
2025-05-01,0,,below200
2025-05-02,0,,below200
2025-05-05,0,,below200
2025-05-06,0,,below200
2025-05-07,0,,below200
2025-05-08,0,,below200
2025-05-09,0,,below200
2025-05-12,35,AEP|ORLY|AEE,above200
2025-05-13,39,ORLY|AEE|KR,above200
2025-05-14,36,KR|WEC|PPL,above200
2025-05-15,0,,above200
2025-05-16,0,,above200
2025-05-19,0,,above200
2025-05-20,4,WYNN|FICO|CPAY,above200
2025-05-21,53,AXP|COF|GEN,above200
2025-05-22,47,WYNN|RJF|NWSA,above200
2025-05-23,48,TPR|RJF|WYNN,above200
2025-05-27,7,F|VRSN|AZO,above200
2025-05-28,7,YUM|VRSN|FDS,above200
2025-05-29,10,LYV|VRSN|DE,above200
2025-05-30,4,CASY|UBER|DELL,above200
2025-06-02,8,DPZ|WYNN|UBER,above200
2025-06-03,9,UBER|DPZ|WYNN,above200
2025-06-04,19,CHTR|BRK-B|ALLE,above200
2025-06-05,24,BRK-B|PODD|MCD,above200
2025-06-06,19,PODD|MCD|MDLZ,above200
2025-06-09,36,PODD|MCD|CME,above200
2025-06-10,38,PODD|CME|CNP,above200
2025-06-11,26,KR|CNP|PGR,above200
2025-06-12,14,WMT|ADP|RL,above200
2025-06-13,42,RL|WMT|ADP,above200
2025-06-16,9,WMT|CHTR|ES,above200
2025-06-17,19,WMT|HON|SYK,above200
2025-06-18,22,ES|KO|STE,above200
2025-06-20,19,KO|PAYX|STE,above200
2025-06-23,4,CDNS|GEN|DXCM,above200
2025-06-24,5,EBAY|CF|ULTA,above200
2025-06-25,10,CF|DE|ULTA,above200
2025-06-26,8,CF|ULTA|MOS,above200
2025-06-27,2,MNST|AWK,above200
2025-06-30,2,MO|EXE,above200
2025-07-01,6,EXE|MO|EQT,above200
2025-07-02,8,EXE|WM|FOXA,above200
2025-07-03,2,EXE|KR,above200
2025-07-07,3,STE|DGX|EXE,above200
2025-07-08,9,EXE|LYV|DGX,above200
2025-07-09,15,EXE|MNST|LYV,above200
2025-07-10,15,MNST|EXE|STE,above200
2025-07-11,33,STE|T|MNST,above200
2025-07-14,13,STE|CTVA|CVS,above200
2025-07-15,38,CTVA|LIN|AIG,above200
2025-07-16,32,LIN|IDXX|AIG,above200
2025-07-17,17,CVS|IDXX|AIG,above200
2025-07-18,8,CVS|IDXX|WYNN,above200
2025-07-21,8,CVS|WYNN|TXN,above200
2025-07-22,12,CVS|CAH|ADI,above200
2025-07-23,9,ADI|AXON|TTWO,above200
2025-07-24,12,ADI|IBM|TTWO,above200
2025-07-25,9,IBM|TTWO|PM,above200
2025-07-28,22,PM|COR|KR,above200
2025-07-29,18,AMT|KR|PNC,above200
2025-07-30,34,AMT|FTNT|PNC,above200
2025-07-31,51,FTNT|PNC|AMT,above200
2025-08-01,72,GEN|DIS|BAC,above200
2025-08-04,11,WFC|FAST|LII,above200
2025-08-05,8,PWR|BX|MGM,above200
2025-08-06,13,TKO|PWR|EMR,above200
2025-08-07,21,PWR|EMR|BAC,above200
2025-08-08,17,PWR|EMR|LHX,above200
2025-08-11,16,PWR|HSY|EMR,above200
2025-08-12,10,CSGP|ICE|WELL,above200
2025-08-13,9,CSGP|ICE|WELL,above200
2025-08-14,13,WELL|VTR|CCI,above200
2025-08-15,16,ED|NDAQ|HWM,above200
2025-08-18,31,NDAQ|ETR|CNP,above200
2025-08-19,19,NDAQ|JBL|BG,above200
2025-08-20,27,DELL|MSFT|JBL,above200
2025-08-21,35,DELL|MSFT|AVGO,above200
2025-08-22,4,CEG|CSX|GILD,above200
2025-08-25,12,CSX|CTAS|MNST,above200
2025-08-26,19,CSX|MSI|EBAY,above200
2025-08-27,13,MNST|NSC|EBAY,above200
2025-08-28,22,NEE|EBAY|GEN,above200
2025-08-29,23,EBAY|NEE|EXC,above200
2025-09-02,64,EBAY|GEN|GNRC,above200
2025-09-03,68,GNRC|TXN|NWS,above200
2025-09-04,22,AEP|NI|ICE,above200
2025-09-05,20,AEP|NTRS|ICE,above200
2025-09-08,20,AEP|ICE|DUK,above200
2025-09-09,22,ICE|MGM|RTX,above200
2025-09-10,33,ICE|EW|MGM,above200
2025-09-11,8,MGM|EW|BA,above200
2025-09-12,12,MGM|EW|BA,above200
2025-09-15,11,EW|BA|TROW,above200
2025-09-16,28,EW|BA|VICI,above200
2025-09-17,17,BA|VICI|KIM,above200
2025-09-18,14,VICI|LYV|HUM,above200
2025-09-19,12,VICI|NKE|LEN,above200
2025-09-22,20,LEN|DHI|LOW,above200
2025-09-23,13,LOW|AMZN|HD,above200
2025-09-24,32,LOW|T|MSI,above200
2025-09-25,55,LOW|HD|BIIB,above200
2025-09-26,17,BEN|UAL|NTAP,above200
2025-09-29,16,NTAP|T|PODD,above200
2025-09-30,19,NTAP|PODD|SYF,above200
2025-10-01,46,META|PODD|SYF,above200
2025-10-02,28,NFLX|HD|BX,above200
2025-10-03,18,NFLX|GL|VLO,above200
2025-10-06,22,LOW|GL|HD,above200
2025-10-07,37,LOW|HD|MTB,above200
2025-10-08,48,HD|LYV|PNC,above200
2025-10-09,60,VRSN|ORLY|FOX,above200
2025-10-10,110,PSX|VRSN|FOX,above200
2025-10-13,29,FAST|VLTO|RJF,above200
2025-10-14,7,IBM|ES|ABBV,above200
2025-10-15,2,ABBV|ULTA,above200
2025-10-16,14,CINF|ULTA|NFLX,above200
2025-10-17,7,ULTA|IBKR|NOC,above200
2025-10-20,1,ULTA,above200
2025-10-21,6,BLK|SO|P,above200
2025-10-22,13,PHM|BLK|DASH,above200
2025-10-23,18,HSY|CASY|WMB,above200
2025-10-24,16,HSY|CASY|NSC,above200
2025-10-27,11,ORLY|URI|RMD,above200
2025-10-28,32,URI|RMD|LH,above200
2025-10-29,68,RMD|URI|SO,above200
2025-10-30,44,RMD|URI|WMT,above200
2025-10-31,29,DTE|WMT|TPR,above200
2025-11-03,23,TPR|BLK|LEN,above200
2025-11-04,26,BLK|RL|AES,above200
2025-11-05,17,IQV|ADM|MSFT,above200
2025-11-06,19,MSFT|TKO|DELL,above200
2025-11-07,12,MSFT|DELL|DHR,above200
2025-11-10,5,NOC|DHI|NUE,above200
2025-11-11,3,TT|NTAP|HUBB,above200
2025-11-12,2,TT|IRM,above200
2025-11-13,20,TT|ROL|BBY,above200
2025-11-14,32,XYL|SNA|BBY,above200
2025-11-17,80,XYL|BBY|SNA,above200
2025-11-18,51,XYL|BBY|AMZN,above200
2025-11-19,37,XYL|BBY|APTV,above200
2025-11-20,37,XYL|BBY|JCI,above200
2025-11-21,4,LHX|RTX|MSFT,above200
2025-11-24,2,LHX|XOM,above200
2025-11-25,1,XOM,above200
2025-11-26,0,,above200
2025-11-28,0,,above200
2025-12-01,7,WRB|DGX|INCY,above200
2025-12-02,29,WRB|COR|AIZ,above200
2025-12-03,38,WRB|COR|CAH,above200
2025-12-04,33,HIG|CAH|ALL,above200
2025-12-05,38,HIG|ALL|L,above200
2025-12-08,47,L|MTD|REGN,above200
2025-12-09,50,REGN|MTD|LLY,above200
2025-12-10,18,TRV|XEL|D,above200
2025-12-11,8,WELL|FE|ISRG,above200
2025-12-12,15,ISRG|EXE|EQT,above200
2025-12-15,17,EXE|DDOG|EQT,above200
2025-12-16,30,MPC|DDOG|VLO,above200
2025-12-17,51,DDOG|MPC|SOXX,above200
2025-12-18,20,MS|NTAP|VLO,above200
2025-12-19,11,PHM|DHI|PSX,above200
2025-12-22,11,DHI|PHM|WMT,above200
2025-12-23,15,PHM|DHI|PEP,above200
2025-12-24,3,PEP|MDT|PSX,above200
2025-12-26,5,MDT|PSX|PEP,above200
2025-12-29,14,MDT|WYNN|TSLA,above200
2025-12-30,38,WYNN|KKR|LVS,above200
2025-12-31,151,KKR|MET|WYNN,above200
2026-01-02,53,AKAM|AIG|TSLA,above200
2026-01-05,21,CSCO|VTR|GILD,above200
2026-01-06,10,AAPL|CSCO|VTR,above200
2026-01-07,15,CSCO|AAPL|MGM,above200
2026-01-08,11,CSCO|VTR|AAPL,above200
2026-01-09,10,CSCO|VTR|TKO,above200
2026-01-12,9,TKO|SYF|COF,above200
2026-01-13,27,L|SYF|AFL,above200
2026-01-14,24,BAC|SYF|JPM,above200
2026-01-15,18,ISRG|QCOM|TTWO,above200
2026-01-16,24,TTWO|ISRG|BIIB,above200
2026-01-20,49,ISRG|CCL|WFC,above200
2026-01-21,8,ISRG|WFC|MMM,above200
2026-01-22,11,DLTR|PLD|WELL,above200
2026-01-23,11,AFL|TEL|AEP,above200
2026-01-26,3,TJX|JKHY|RTX,above200
2026-01-27,17,TJX|JKHY|WY,above200
2026-01-28,41,TJX|TXT|FRT,above200
2026-01-29,37,TJX|BA|WY,above200
2026-01-30,27,WY|TMO|BA,above200
2026-02-02,14,IDXX|BA|HWM,above200
2026-02-03,13,IDXX|WBD|IQV,above200
2026-02-04,15,WBD|NVDA|IQV,above200
2026-02-05,16,WBD|IBKR|TMO,above200
2026-02-06,6,FOX|FOXA|GOOGL,above200
2026-02-09,3,FOX|FOXA|AIZ,above200
2026-02-10,3,AMP|GOOG|GOOGL,above200
2026-02-11,11,GOOG|AIZ|GOOGL,above200
2026-02-12,40,EXPD|TMO|TSN,above200
2026-02-13,22,MDT|GOOG|GOOGL,above200
2026-02-17,10,MDT|GOOG|GOOGL,above200
2026-02-18,4,ALLE|MMM|PG,above200
2026-02-19,13,PPG|IP|WY,above200
2026-02-20,10,WY|PFE|FERG,above200
2026-02-23,22,PKG|FERG|WY,above200
2026-02-24,15,NUE|GILD|OKE,above200
2026-02-25,15,DHI|PSX|MAS,above200
2026-02-26,11,GILD|UHS|BDX,above200
2026-02-27,10,VTRS|BDX|D,above200
2026-03-02,20,MTD|DLTR|PPG,above200
2026-03-03,37,TXN|SLB|DLTR,above200
2026-03-04,37,TXN|SLB|BDX,above200
2026-03-05,87,TXN|PPG|DLTR,above200
2026-03-06,101,TXN|BDX|DD,above200
2026-03-09,59,BDX|DD|COO,above200
2026-03-10,49,BDX|ECL|PHM,above200
2026-03-11,47,BDX|ECL|FITB,above200
2026-03-12,53,BDX|ECL|IEX,above200
2026-03-13,50,BDX|ECL|PFG,above200
2026-03-16,15,ECL|PSA|VTRS,above200
2026-03-17,12,HCA|COR|AMGN,above200
2026-03-18,39,SBUX|HCA|DGX,above200
2026-03-19,0,,below200
2026-03-20,0,,below200
2026-03-23,0,,below200
2026-03-24,0,,below200
2026-03-25,0,,below200
2026-03-26,0,,below200
2026-03-27,0,,below200
2026-03-30,0,,below200
2026-03-31,0,,below200
2026-04-01,0,,below200
2026-04-02,0,,below200
2026-04-06,0,,below200
2026-04-07,0,,below200
2026-04-08,4,VZ|T|PSX,above200
2026-04-09,7,VZ|BG|ADM,above200
2026-04-10,14,VZ|PSX|KR,above200
2026-04-13,11,VZ|KMI|DVN,above200
2026-04-14,15,DVN|KMI|XOM,above200
2026-04-15,37,DVN|ADM|XOM,above200
2026-04-16,11,MRK|CTVA|WAB,above200
2026-04-17,12,CTVA|LMT|CME,above200
2026-04-20,19,CTVA|LMT|FE,above200
2026-04-21,32,FE|LMT|PPL,above200
2026-04-22,43,LMT|HII|LHX,above200
2026-04-23,12,LMT|LHX|RTX,above200
2026-04-24,18,LHX|PCG|HON,above200
2026-04-27,18,PCG|HON|DLR,above200
2026-04-28,20,PCG|GRMN|DLR,above200
2026-04-29,28,HSIC|RL|DLR,above200
2026-04-30,10,RL|PH|HUBB,above200
2026-05-01,12,AES|PH|FE,above200
2026-05-04,17,PH|AES|FE,above200
2026-05-05,10,MGM|PCAR|GRMN,above200
2026-05-06,23,DVN|AEE|OKE,above200
2026-05-07,32,BKR|SRE|ATO,above200
2026-05-08,32,CB|FERG|ATO,above200
2026-05-11,14,TJX|TGT|TRV,above200
2026-05-12,8,HUBB|SBAC|TFC,above200
2026-05-13,25,SBAC|HUBB|FITB,above200
2026-05-14,13,SBAC|HUBB|FTV,above200
2026-05-15,42,SBAC|HUBB|DOV,above200
2026-05-18,20,HUBB|LUV|DLR,above200
2026-05-19,31,DLR|CDNS|DOV,above200
2026-05-20,10,EME|CTVA|APD,above200
2026-05-21,12,ADI|EME|CASY,above200
2026-05-22,10,EME|GOOG|SBUX,above200
2026-05-26,16,SBUX|CVS|CASY,above200
2026-05-27,24,CASY|HAL|CINF,above200
2026-05-28,28,CASY|HAL|TRV,above200
2026-05-29,46,CASY|HAL|APD,above200
2026-06-01,59,CASY|CBOE|TRV,above200
2026-06-02,22,VTR|WELL|CAH,above200
2026-06-03,16,VTR|GOOG|GOOGL,above200
2026-06-04,7,VZ|HON|VTR,above200
2026-06-05,10,WBD|HON|LYB,above200
2026-06-08,8,CTVA|LYB|LYV,above200
2026-06-09,5,LYB|CTVA|AAPL,above200
2026-06-10,12,CTVA|AMZN|UPS,above200
2026-06-11,2,NWS|NWSA,above200
2026-06-12,0,,above200
2026-06-15,7,HAL|XOM|VRSN,above200
2026-06-16,9,HAL|AMT|BKR,above200
2026-06-17,46,HAL|SLB|BKR,above200
2026-06-18,45,HAL|BKR|DGX,above200
2026-06-22,19,DGX|SJM|LYB,above200
2026-06-23,9,LYB|BG|APO,above200
2026-06-24,10,BG|HAL|TROW,above200
2026-06-25,9,AAPL|ROST|TJX,above200
2026-06-26,17,HLT|GS|GOOG,above200
2026-06-29,13,ROST|HLT|IBKR,above200
2026-06-30,19,HLT|IBKR|MAR,above200
2026-07-01,29,GM|MAR|EQIX,above200
2026-07-02,13,EQIX|IRM|HST,above200
2026-07-06,10,EQIX|IRM|TGT,above200
2026-07-07,15,IRM|CARR|DAL,above200
2026-07-08,29,CARR|PKG|WSM,above200
2026-07-09,16,LII|PKG|KDP,above200
2026-07-10,11,DGX|TTWO|VRTX,above200
2026-07-13,13,IFF|DD|VRTX,above200
2026-07-14,19,DGX|IFF|ABBV,above200
2026-07-15,23,DGX|LH|ABBV,above200
2026-07-16,7,CDNS|ELV|CSCO,above200
2026-07-17,5,ELV|CI|TT,above200
2026-07-20,12,RVTY|SLB|TT,above200
2026-07-21,10,EW|AEP|PFG,above200
2026-07-22,19,ABNB|EW|PFG,above200
2026-07-23,29,ABNB|GL|AXP,above200
2026-07-24,5,WST|CHRW|VMRK,above200
2026-07-27,17,CHRW|VMRK|EXPD,above200
2026-07-28,23,JBHT|TRGP|UPS,above200
2026-07-29,27,GS|ADM|JBHT,above200
2026-07-30,25,JBHT|EXPD|ODFL,above200
2026-07-31,29,ODFL|PNW|LIN,above200
2026-08-03,31,ODFL|PNW|MAR,above200
2026-08-04,27,O|KIM|WELL,above200
2026-08-05,26,EIX|FRT|KIM,above200
2026-08-06,24,FRT|REG|KIM,above200
2026-08-07,9,CF|CVS|MNST,above200
2026-08-10,22,KDP|HST|CVS,above200
2026-08-11,28,CVS|HST|HRL,above200
2026-08-12,30,ACGL|L|WRB,above200
2026-08-13,15,L|ROST|IR,above200
2026-08-14,16,IR|TROW|WTW,above200
2026-08-17,39,IR|CHD|MRSH,above200
2026-08-18,38,SNA|ITW|TROW,above200
2026-08-19,48,SNA|ITW|DE,above200
2026-08-20,66,SNA|ITW|RJF,above200
2026-08-21,22,ITW|L|D,above200
2026-08-24,15,NVDA|RL|HWM,above200
2026-08-25,18,GD|JCI|BKR,above200
2026-08-26,10,EXR|XOM|HST,above200
2026-08-27,34,EXR|XOM|HST,above200
2026-08-28,35,PYPL|ALLE|HST,above200
2026-08-31,77,HST|ALLE|PKG,above200
2026-09-01,106,HST|ALLE|PKG,above200
2026-09-02,45,PCAR|BLK|SPG,above200
2026-09-03,13,INVH|MMM|UNP,above200
2026-09-04,18,INVH|MNST|CHD,above200
2026-09-08,53,INVH|CHD|MNST,above200
2026-09-09,71,CHD|INVH|MNST,above200
2026-09-10,71,SJM|LH|SBUX,above200
2026-09-11,36,SBUX|LLY|AMGN,above200
2026-09-14,17,APD|SLB|IFF,above200
2026-09-15,19,TROW|BNY|RJF,above200
2026-09-16,39,RJF|BNY|BEN,above200
2026-09-17,20,RJF|BNY|CAH,above200
2026-09-18,25,CAH|BAX|VTR,above200
2026-09-21,32,CSX|CVS|ALL,above200
2026-09-22,42,ALL|VZ|AIZ,above200
2026-09-23,34,PAYX|ALL|NWSA,above200
2026-09-24,17,AIZ|ADP|J,above200
2026-09-25,12,CB|ELV|GL,above200
2026-09-28,16,CB|ELV|ADM,above200
2026-09-29,25,ELV|ADM|GL,above200
2026-09-30,50,ELV|GL|ADM,above200
2026-10-01,38,ELV|BNY|SJM,above200
2026-10-02,22,DXCM|IFF|JNJ,above200
