scenario,axis,regime,sessions,episodes,longestEpisode,first,last,upDays,downDays,flatDays,meanExposure,meanLaggedExposure,strategy_return,strategy_annualizedActiveReturn,strategy_maxDrawdownStitched,strategy_maxDrawdownContinuousEpisode,strategy_upCapture,strategy_downCapture,strategy_cagr,spy_return,spy_annualizedActiveReturn,spy_maxDrawdownStitched,spy_maxDrawdownContinuousEpisode,spy_upCapture,spy_downCapture,spy_cagr,spyCashFullMean_return,spyCashFullMean_annualizedActiveReturn,spyCashFullMean_maxDrawdownStitched,spyCashFullMean_maxDrawdownContinuousEpisode,spyCashFullMean_upCapture,spyCashFullMean_downCapture,spyCashFullMean_cagr,spyCashGroupMean_return,spyCashGroupMean_annualizedActiveReturn,spyCashGroupMean_maxDrawdownStitched,spyCashGroupMean_maxDrawdownContinuousEpisode,spyCashGroupMean_upCapture,spyCashGroupMean_downCapture,spyCashGroupMean_cagr,spyCashLagged_return,spyCashLagged_annualizedActiveReturn,spyCashLagged_maxDrawdownStitched,spyCashLagged_maxDrawdownContinuousEpisode,spyCashLagged_upCapture,spyCashLagged_downCapture,spyCashLagged_cagr,excess_spy,excess_spyCashFullMean,excess_spyCashGroupMean,excess_spyCashLagged,cashLevelLogPP,exposureTimingLogPP,residualLogPP,totalExcessLogPP
stable,overall,all,2263,1,2263,2017-10-02,2026-10-02,1245,1014,4,0.8257673016435332,0.8254610530585637,0.14450740637506834,0.015143806266280856,0.2751416468111475,0.2751416468111475,53.389221506831554,59.01487219311837,0.015110072997896807,2.0542059563728965,0.13239157950627667,0.3410474689324393,0.3410474689324393,100.0,100.0,0.13208034324308202,1.572799717042138,0.11096766033960015,0.2882457811167458,0.2882457811167458,82.63842003990695,82.48867176068137,0.11070921592666937,1.572799717042138,0.11096766033960015,0.2882457811167458,0.2882457811167458,82.63842003990695,82.48867176068137,0.11070921592666937,1.0119188594536057,0.08095852423749496,0.2141379570471541,0.2141379570471541,73.01002080551979,74.57580364895307,0.08077249082168064,-1.909698549997828,-1.4282923106670695,-1.4282923106670695,-0.8674114530785374,-17.152495273664325,-24.590576690108378,-56.411459145563626,-98.15453110933635
stable,sma200,above,1825,30,395,2017-10-02,2026-10-02,1018,804,3,0.8696663018508404,0.8696791222333219,0.11312456570941753,0.014908443007176997,0.2795656273325384,0.2204628884105464,69.0739088948167,75.9677834598534,,1.0148451298388725,0.10156557824180536,0.20818883150107803,0.12067738669444772,100.0,100.0,,0.8006958922115393,0.08460541082255345,0.17476569986820278,0.10046935470610441,82.60315262390652,82.52239801410684,,0.8531228121968486,0.08891203913616967,0.18329554905843615,0.10559281108283824,86.98743783676954,86.92379384792177,,0.7366039001700426,0.07919123142477089,0.2001636235795199,0.10232940631596343,84.53405791951822,85.37067980355826,,-0.901720564129455,-0.6875713265021217,-0.7399982464874311,-0.6234793344606251,-8.367011120289314,-6.494079809382381,-44.476043960005114,-59.337134889676804
stable,sma200,below,438,29,162,2018-03-26,2026-04-08,227,210,1,0.6428548007797537,0.6412190981637376,0.028193466959962263,0.016125074172356525,0.1936135947013794,0.1936135947013794,24.768190890129226,27.6929139540944,,0.5158514722256305,0.27039694992651675,0.26287772516400654,0.2628777251640071,100.0,100.0,,0.4287807997842061,0.2278866951127663,0.2197654784145584,0.2197654784145584,82.67285847542534,82.44784582501752,,0.3346333432369296,0.18066330426089702,0.17321271771491376,0.17321271771491376,64.43998194706414,64.08154949690274,,0.15853641654070058,0.08835345032278202,0.16033657432138548,0.1603365743213856,51.92828007600235,54.67867288421062,,-0.48765800526566827,-0.4005873328242438,-0.30643987627696734,-0.13034294958073833,-12.732070408605296,-14.149910625495716,-11.935415185558526,-38.817396219659535
stable,trend63,up,1698,45,321,2017-10-02,2026-10-02,948,746,4,0.8730299307828323,0.8736324150869076,0.21562755252927437,0.029402546832683847,0.23845697300917346,0.16135194778502604,71.42669524577505,79.04969731401822,,1.2230905727557886,0.1258794048974076,0.22405214214364522,0.1206773866944475,100.0,100.0,,0.9514478565768082,0.10431213452823669,0.18845070407366127,0.10046935470610441,82.6038533338693,82.52127631318004,,1.0224217988816018,0.11018253829189814,0.1982439905159964,0.10598449122106612,87.32388094108484,87.26023134696511,,0.9208257139227056,0.10172300559269401,0.17357276518091413,0.09563270562660409,84.8720426391936,85.47997205883537,,-1.0074630202265142,-0.7358203040475338,-0.8067942463523274,-0.7051981613934313,-9.46026740004957,-5.154055070603592,-45.749470533593986,-60.36379300424714
stable,trend63,downFlat,565,44,137,2018-02-09,2026-04-15,297,268,0,0.6837284622125069,0.6806911898300185,-0.05850488170182646,-0.02653039272438001,0.1944190789383774,0.171920179831902,26.341330548507464,30.803004368886604,,0.3738558355662678,0.1521902611232755,0.2628777251640071,0.2628777251640071,100.0,100.0,,0.318405566600838,0.1312119681098153,0.21976547841455873,0.2197654784145584,82.67106395479085,82.45958273160954,,0.2692304534546086,0.11219487208362532,0.18372751738733928,0.18372751738733917,68.51539164680354,68.19788449373894,,0.04742395151763658,0.020880695352570283,0.17086379686093112,0.15955820323527647,55.18097437707531,59.2602689272258,,-0.4323607172680942,-0.37691044830266446,-0.32773533515643505,-0.10592883321946303,-7.921049047505316,-19.207700445614233,-10.661988611969646,-37.7907381050892
stable,volatility63,low,1265,16,322,2017-10-02,2026-10-02,710,553,2,0.8871352713683571,0.8874580936031201,-0.06893493304757706,-0.014128009251217221,0.26423736948324783,0.15438071638172435,70.66542014168122,81.78117407941909,,0.5927100187128471,0.09715389824587845,0.12205242332437383,0.1206773866944475,100.0,100.0,,0.4778366522109999,0.08091413135792484,0.10123877072105314,0.10046935470610441,82.60510220504169,82.52566374717112,,0.5177771156557742,0.08667168925403318,0.10859282493866051,0.10762562096345485,88.73326010373593,88.67795360584326,,0.4714570143236813,0.0799829746762087,0.11470200208507697,0.09563270562660409,86.77942722895914,87.34833999769883,,-0.6616449517604241,-0.5467715852585769,-0.5867120487033513,-0.5403919473712584,-4.819013908930869,-3.0993764445621466,-45.76791909483873,-53.68630944833175
stable,volatility63,medium,737,22,137,2018-02-12,2026-06-26,390,346,1,0.7963711458495146,0.7971038436380857,0.15711651947145808,0.051163621391311795,0.1906613075879996,0.11584849759038207,50.09559732400313,49.5282714731124,,0.28526407172177204,0.0896007758110026,0.2676910711661583,0.17021180491193055,100.0,100.0,,0.2408046348695838,0.07656361956347298,0.2257612393776235,0.1421691467946744,82.63488720590543,82.50082047660705,,0.2330191330487632,0.07424913240970647,0.21849960523722112,0.13737156458437372,79.70272456240491,79.55162202537599,,0.0939629693902138,0.031183698386168187,0.2112521002345742,0.13364323012521762,72.11105277400614,75.19484348864196,,-0.12814755225031396,-0.08368811539812573,-0.07590261357730513,0.06315355008124428,-4.1498458981195085,-11.965888693224636,5.6124296807193925,-10.503304910624752
stable,volatility63,high,261,7,89,2019-01-07,2025-07-11,145,115,1,0.6113400415603509,0.6050511183996686,0.062334978163125325,0.06012216022342658,0.09723611638824337,0.09723611638824314,23.89530390378985,26.490713692732626,,0.4920014335233781,0.47155736832739004,0.22699540056673684,0.22699540056673684,100.0,100.0,,0.4030596620201708,0.38677035076951466,0.18908840916941794,0.18908840916941805,82.6820722597331,82.40632201824604,,0.29461198150903567,0.28313614390838737,0.141410783076947,0.14141078307694688,61.309391733134845,60.85568036427297,,0.2498568095571476,0.24028145969867043,0.09670821475677471,0.09102352750234077,46.49492919836409,44.526999051901015,,-0.4296664553602528,-0.34072468385704546,-0.23227700334591034,-0.18752183139402226,-14.190744051200221,-3.5182029677353204,-16.2559697314443,-33.96491675037984
stable,sma200Trend63,above|up,1642,44,321,2017-10-02,2026-10-02,918,721,3,0.8773277245126823,0.877534526015718,0.18802100567327779,0.02679409074054292,0.2510090826973994,0.16135194778502604,72.78342563694851,82.17234560990919,,1.2970925634418773,0.13613662682560337,0.17272267255311002,0.1206773866944475,100.0,100.0,,1.0034569835376383,0.112537338109185,0.14418654650462648,0.10046935470610441,82.60332283182845,82.52291094219409,,1.086957375360345,0.11953116747906797,0.1526989725568183,0.10648476684649832,87.75265535548871,87.69247614426581,,0.9413428342061104,0.10717289930377022,0.11441197378602397,0.09563270562660409,85.30646364690013,86.40662985871442,,-1.1090715577685994,-0.8154359778643605,-0.8989363696870671,-0.7533218285328327,-9.593701642628139,-7.232728779765784,-49.10910138805321,-65.93553181044713
stable,sma200Trend63,above|downFlat,183,53,24,2018-02-09,2026-04-15,100,83,0,0.8009228263822914,0.7991951167104023,-0.06304302668572324,-0.08576769317662454,0.1192016204746752,0.07075027421615077,41.359770454098985,42.84520522077144,,-0.12287159781671833,-0.1651754913655933,0.16672938142038685,0.05654848025869441,100.0,100.0,,-0.10120561259472124,-0.13664774956936637,0.13860210132101913,0.04681762365420661,82.60028712122454,82.52949333929865,,-0.09812145134620519,-0.13256554410089239,0.13455716276629204,0.045425862653845406,80.1183945691496,80.03995230384014,,-0.10546253367957723,-0.14227355083376042,0.14542356368487852,0.04411958765944468,78.75618668939268,79.8575109746456,,0.05982857113099509,0.038162585908998,0.035078424660481944,0.04241950699385398,2.7826471917179045,-0.8173076989956771,4.633057428048105,6.598396920770333
stable,sma200Trend63,below|up,56,12,16,2019-01-31,2023-03-23,30,25,1,0.7470124789183031,0.7592169482100041,0.02323742318036824,0.10890379322380825,0.07440622712705636,0.051640223670776475,45.858768817126574,34.477835985487374,,-0.03221550226744324,-0.13701355305008217,0.18639941334406507,0.08942258532457725,100.0,100.0,,-0.025959692365839653,-0.11162530099075152,0.15620705532735757,0.07424857511017524,82.60416315538366,82.52056765533983,,-0.023219175900715622,-0.10032207855550285,0.14225424236118833,0.06733403581224728,74.7373140371457,74.62761251945288,,-0.01056851985228824,-0.04668646808523904,0.12862092871373565,0.051327982751661616,76.67008812469552,72.29748211766972,,0.05545292544781148,0.0491971155462079,0.04645659908108386,0.03380594303265648,0.925285507348909,1.2868224443918517,3.3596308544592266,5.571738806199987
stable,sma200Trend63,below|downFlat,382,29,82,2018-03-26,2026-04-08,197,185,0,0.627585612361537,0.6239209840208294,0.00484349347211122,0.00319255653167694,0.17192017983190233,0.17192017983190222,22.799998414529863,26.86273950389651,,0.5663109667257037,0.34449209877142783,0.2628777251640071,0.2628777251640071,100.0,100.0,,0.466860035037525,0.28755045791877193,0.2197654784145584,0.2197654784145584,82.6771177992642,82.43906653286541,,0.35261553069944196,0.22048902194451203,0.16926842057838443,0.16926842057838432,62.92293124725609,62.53702478344637,,0.17091121496128586,0.10969669223167658,0.13215463623848245,0.13215463623848134,49.615596681426425,52.52179283594135,,-0.5614674732535925,-0.4620165415654138,-0.34777203722733074,-0.16606772148917465,-14.668300355343838,-14.425788630497935,-15.295046040017752,-44.389135025859524
stable,joint,above|up|low,1160,29,200,2017-10-02,2026-10-02,651,507,2,0.9001218786278901,0.9010841141711723,-0.07608454656183307,-0.01704440619944357,0.2753275431981157,0.15438071638172435,75.2991784180704,86.54354206522343,,0.44416654650047444,0.08311726399272899,0.13352584142809532,0.1206773866944475,100.0,100.0,,0.36157743949738247,0.06934918877536267,0.1103029904425501,0.10046935470610441,82.60235673340208,82.5267814123685,,0.3966012689892149,0.0752655585569721,0.12022075696646939,0.10913462394848239,90.02819045456285,89.98093859158664,,0.36371795834866416,0.06971417103826376,0.11357617800886055,0.09563270562660409,88.68574013342875,89.25150390516897,,-0.5202510930623075,-0.4376619860592155,-0.47268581555104794,-0.4398025049104972,-3.349075067461044,-2.3826857420835843,-38.93494747710172,-44.66670828664635
stable,joint,above|up|medium,422,32,76,2018-02-12,2026-06-26,232,189,1,0.8301908918717397,0.8281045652159519,0.24962410129220544,0.14233223883858806,0.11897939367922705,0.11464364924120851,70.95026206032998,76.21995491247972,,0.5009492963056623,0.27443619764682814,0.09801508627934152,0.09801508627934186,100.0,100.0,,0.40167373498499215,0.2234075484513237,0.08138725738532981,0.0813872573853297,82.60350677870896,82.52693820152929,,0.4041281708253845,0.22468637285348705,0.08181176786668065,0.08181176786668087,83.04532471743526,82.97029814677852,,0.37984906379638705,0.2119963853528289,0.08743729037132097,0.08743729037132109,79.94911176152605,80.30058453019817,,-0.25132519501345685,-0.1520496336927867,-0.15450406953317905,-0.1302249625041816,-6.6681180939207385,-1.7442472071887039,-9.913133200378663,-18.325498501488106
stable,joint,above|up|high,60,8,27,2020-05-29,2025-07-11,35,25,0,0.7681698011932947,0.7698998793019534,0.028993178254107483,0.12754136019870402,0.037957957767673633,0.037957957767673633,52.35454808033397,53.382778199446875,,0.05972991401927328,0.27590933173262727,0.08261386209779853,0.06989488243273445,100.0,100.0,,0.04976173889122609,0.22625589218528466,0.06834852779950717,0.057830394813415786,82.59935020841577,82.45598391895247,,0.0464225657423261,0.20995663455757085,0.06362022073268958,0.053831632524671824,76.84499787677815,76.66780474651436,,0.031682571970082354,0.13997045416225307,0.06847906916533975,0.0543906549599007,73.94555355576517,79.26135585314103,,-0.030736735765165796,-0.02076856063711861,-0.01742938748821862,-0.0026893937159748714,-1.2636810953403077,-1.418623216399543,-0.2610207105728287,-2.9433250223126795
stable,joint,above|downFlat|low,65,19,18,2018-02-09,2026-03-19,36,29,0,0.7315763981623343,0.7329939049259395,-0.010182236513186485,-0.03890123118593892,0.06230879325494931,0.055866445724487734,53.889400994720575,52.32674500393835,,-0.028145799580798683,-0.10477854768064832,0.07775458445227756,0.05654848025869441,100.0,100.0,,-0.02274784743955514,-0.08534672157807209,0.06448476123834423,0.04681762365420661,82.60418408961951,82.52720176394905,,-0.019914854638186996,-0.07502402802798167,0.05726224424641302,0.041535607157486054,73.19514208302482,73.09012695377781,,-0.018088306304747805,-0.06832288243363309,0.054597911322932124,0.04411958765944468,74.0280323309213,73.20009567893872,,0.017963563067612195,0.012565610926368655,0.00973261812500051,0.00790606979156132,0.8433657272108868,0.186192844429188,0.8019469541229156,1.8315055257629904
stable,joint,above|downFlat|medium,102,29,24,2018-03-23,2026-04-15,54,48,0,0.8495699265126635,0.8496312466429754,-0.0734763978481686,-0.17183661276093087,0.09581450806351577,0.07075027421615077,29.261302150375112,37.17823990825615,,-0.11659897868627077,-0.26382962967432233,0.16825077432882263,0.03733010615653476,100.0,100.0,,-0.09647910545710023,-0.22171002537586076,0.14039146829925608,0.030876950357227817,82.59540753109368,82.53109753417301,,-0.09923381925430819,-0.22755935177262188,0.14423359047771667,0.03175981021967922,84.97358009151871,84.91644455480755,,-0.10240511552451678,-0.23426074541772254,0.14758976914014543,0.037357069016292765,82.41518362937018,83.66134797256811,,0.043122580838102165,0.023002707608931625,0.025757421406139583,0.02892871767634818,1.946645782476003,-0.35268774650600854,3.172068429228822,4.7660264651988165
stable,joint,above|downFlat|high,16,5,12,2020-05-28,2025-06-02,10,6,0,0.772517427694744,0.746607211264628,0.021663592471442682,0.4015212859944747,0.011643540801973384,0.009735594854235474,66.46525796657625,47.46002445895886,,0.021654755836703943,0.40133037473618843,0.02646043688388955,0.02646043688388977,100.0,100.0,,0.017924378920643646,0.32287671462868445,0.021876548505892934,0.0218765485058926,82.61337965480041,82.54653638908589,,0.01678062145653789,0.2996588045609911,0.020473378934485753,0.020473378934485753,77.29653626038753,77.21488455349468,,0.014952538465911875,0.26334018952556815,0.021462861709128478,0.021462861709128367,75.37656070685588,78.99927580823973,,8.836634738738913e-06,0.0037392135507990365,0.0048829710149047925,0.006711054005530808,-0.47822400687034666,-0.17995310801749553,0.6590420446963676,0.0008649298085253859
stable,joint,below|up|low,0,0,0,,,0,0,0,,,,,,,,,,,,,,,,,,,,,,,,,,,,,,,,,,,,,,,,,,,,,
stable,joint,below|up|medium,37,9,9,2019-01-31,2023-03-23,22,15,0,0.7014980729023375,0.7098765686627531,0.009319049990831557,0.0652146942009485,0.06581525331735527,0.051640223670776475,48.50805471171387,39.33112540115069,,-0.022034656468518623,-0.1407986521492205,0.13515904809672952,0.08942258532457725,100.0,100.0,,-0.017706685995629676,-0.11456598986298032,0.11266387553750656,0.07424857511017524,82.60836377473753,82.51232834596308,,-0.014744681818749194,-0.09622148274737598,0.0963521170954853,0.06332206444249355,70.19591498580291,70.05637194332928,,0.007393528264333248,0.05145054344350881,0.08203821354842444,0.051327982751661505,74.83000154082724,63.76458280240651,,0.03135370645935018,0.027025735986461234,0.02406373180958075,0.001925521726498309,0.742658051426258,2.2220795234975212,0.1909565430759123,3.155694117999692
stable,joint,below|up|high,19,7,8,2020-06-12,2023-01-03,8,10,1,0.8356457958967626,0.855300845223072,0.013789864750559416,0.19919148198225656,0.020874243852244567,0.020874243852244567,40.45095351056731,24.54169830878695,,-0.01041023167770044,-0.12959465070137946,0.06280559399814778,0.04652091486987353,100.0,100.0,,-0.008401773943228998,-0.10587063879534854,0.05202900799135568,0.03850974523292816,82.5914957190723,82.54350781720802,,-0.008513467554010373,-0.10720551182633248,0.05264189212867332,0.03896501618504744,83.5786731215224,83.53286177781341,,-0.017830219881964905,-0.21228482884513572,0.05566346670961275,0.04236892419713634,80.42233039389546,89.77539091600053,,0.024200096428259855,0.022191638693788415,0.022303332304569788,0.03162008463252432,0.19148830386176482,-0.9441179270447834,3.168674311383314,2.4160446882002957
stable,joint,below|downFlat|low,40,6,14,2018-10-12,2026-04-08,23,17,0,0.7633068298016916,0.7433078037300207,0.018104970636689643,0.11967792001637252,0.049774597710812496,0.049774597710812496,29.235002848466625,41.79207670824689,,0.1347973562693522,1.2181217824502903,0.04536906230764359,0.04536906230764348,100.0,100.0,,0.11065058805691333,0.9370371079035075,0.03750002219330184,0.03750002219330162,82.61011122426909,82.52604358433639,,0.10206072187923633,0.8445685605743373,0.03467525731564858,0.03467525731564869,76.3726385748204,76.26709606194713,,0.09888080637868153,0.8112929776884685,0.04007886010423123,0.04007886010423112,75.12455351550672,75.8690453674154,,-0.11669238563266254,-0.09254561742022369,-0.08395575124254669,-0.08077583574199189,-2.9272283524726426,-0.28895976311582305,-7.634918571859921,-10.851106687448386
stable,joint,below|downFlat|medium,176,23,31,2018-03-26,2025-04-09,82,94,0,0.7043944143155679,0.7106681025115461,-0.009823206200026885,-0.014035158698184343,0.12294569839786507,0.10762486359835821,29.919881086350102,30.801768705616016,,-0.008837222439756208,-0.012629112264691527,0.2052635308566496,0.13287697932325382,100.0,100.0,,-0.0025822716755176684,-0.003695281124349176,0.17034046629915167,0.11085848603133219,82.66921617171961,82.48177555186676,,0.0006157969987117465,0.0008818265540926023,0.14575079250078782,0.0952439957019221,70.57397886668939,70.30259258677245,,-0.12321822716782754,-0.17161728240757892,0.1865513647632696,0.10933018915104797,58.10433615755526,68.72064451783085,,-0.0009859837602706773,-0.0072409345245092165,-0.010439003198738632,0.11339502096780066,0.9492109751197378,-13.211275876248216,12.162537908793322,-0.09952699233515427
stable,joint,below|downFlat|high,166,8,62,2019-01-07,2025-05-12,92,74,0,0.5134458663283104,0.5031802271368909,-0.003234212321133817,-0.0049056526671630305,0.09723611638824325,0.09723611638824314,15.983764273443276,20.920610147158932,,0.3925624786315252,0.6531836239941172,0.22699540056673684,0.22699540056673684,100.0,100.0,,0.3241407230180426,0.5314571237627572,0.18908840916941794,0.18908840916941805,82.69382444743013,82.38967986744956,,0.20045131893020943,0.31962570738849566,0.11928822850333543,0.11928822850333554,51.55042141775866,51.02526984665706,,0.21529543070530716,0.3444764290432665,0.09102352750234077,0.09102352750234077,38.221453347445596,32.977815758861595,,-0.395796690952659,-0.3273749353391764,-0.20368553125134325,-0.21852964302644098,-14.844797457585173,1.228961488460345,-19.822665376951154,-33.43850134607598
stable,year,2017,63,1,63,2017-10-02,2017-12-29,38,25,0,0.9403176938883036,0.92460475080972,0.06357075017154892,0.2795743926776405,0.07632641327924428,0.07632641327924428,162.94002160882616,223.60131443597223,,0.06005534834305682,0.2627406637018165,0.010304438505269076,0.010304438505269076,100.0,100.0,,0.04939635006534333,0.2127134585151545,0.008513542894719617,0.008513542894719617,82.59298236769762,82.56853784209407,,0.05639481413110512,0.24538904831694228,0.009691191088119333,0.009691191088119333,94.03810499847476,94.02857296032231,,0.05046671962123692,0.21766883656013486,0.010050573408247998,0.010050573408247998,90.5025788058714,97.04134914670183,,0.0035154018284921026,0.014174400106205597,0.007175936040443802,0.013104030550312,-0.3459129751211251,-0.5627432139348632,1.2397318941445543,0.3310757050885661
stable,year,2018,251,1,251,2018-01-02,2018-12-31,132,117,2,0.8723180388969793,0.876261925008337,-0.09795854118742736,-0.09832896622774286,0.1777468551414274,0.1777468551414274,53.83052383137051,60.41339249721882,,-0.0634789331952502,-0.06372360284910614,0.20178483869435293,0.20178483869435293,100.0,100.0,,-0.05071515231531123,-0.05091197186976768,0.1691041818823361,0.1691041818823361,82.62194787850576,82.50755712263273,,-0.054059495238415654,-0.05426891912118679,0.17793505733453874,0.17793505733453874,87.26677928759615,87.1782092559885,,-0.10571865392737136,-0.10611666250661592,0.1656708137073719,0.1656708137073719,79.93408888271505,86.14080775238807,,-0.034479607992177155,-0.047243388872116134,-0.04389904594901171,0.0077601127399439945,1.0007658817135126,-5.615924525802189,0.8640051769612425,-3.751153467127434
stable,year,2019,252,1,252,2019-01-02,2019-12-31,149,103,0,0.8534138003817793,0.8497074092644165,0.03886468677230613,0.03886468677230613,0.13175840947477824,0.13175840947477824,53.30905299076248,69.86469707823902,,0.28785206349907816,0.28785206349907816,0.06618369396275503,0.06618369396275503,100.0,100.0,,0.23373942819249444,0.23373942819249444,0.05484991558443264,0.05484991558443264,82.6068769355097,82.52414113830797,,0.24221181268422382,0.24221181268422382,0.05665388046071629,0.05665388046071629,85.36758426399558,85.29563590204764,,0.18558952854488098,0.18558952854488098,0.0616067906481198,0.0616067906481198,79.51790659202904,84.86123955811071,,-0.24898737672677201,-0.1948747414201883,-0.20334712591191767,-0.14672484177257483,-3.6082252969332873,-4.6653367262731695,-13.21116737836771,-21.484729401574164
stable,year,2020,253,1,253,2020-01-02,2020-12-31,146,107,0,0.6264082772936839,0.626908904649608,-0.03436496169371667,-0.0342314836794803,0.17373149421878586,0.17373149421878586,31.592510525128837,37.00422314708819,,0.16162313396748895,0.1609354625739785,0.3410474689324394,0.3410474689324394,100.0,100.0,,0.14105646283006282,0.14046148915544163,0.2882457811167457,0.2882457811167457,82.68927802363811,82.39407502284793,,0.11317517003884409,0.11270352814494028,0.22442672566065613,0.22442672566065613,62.825330572771406,62.34679918194437,,0.06809067485204237,0.06781261638457395,0.13096234915996063,0.13096234915996063,42.34931913591949,42.54509434886912,,-0.19598809566120562,-0.17542142452377948,-0.14754013173256075,-0.10245563654575904,-4.26018351064454,-4.134380690832989,-10.08419617739957,-18.478760378877098
stable,year,2021,252,1,252,2021-01-04,2021-12-31,146,106,0,0.873829521727336,0.8733608298089609,0.07258036122774969,0.07258036122774969,0.14930504153721813,0.14930504153721813,65.05404985906006,77.84790935312027,,0.2703540848726257,0.2703540848726257,0.05417151230325967,0.05417151230325967,100.0,100.0,,0.2200000731150445,0.2200000731150445,0.04482605863922806,0.04482605863922806,82.60526091344231,82.53802836000058,,0.2337524035918093,0.2337524035918093,0.047408008297323945,0.047408008297323945,87.40480544351088,87.35327854577379,,0.2259358755834657,0.2259358755834657,0.04522016134635054,0.04522016134635054,85.22211338922232,85.34924242441636,,-0.197773723644876,-0.1474197118872948,-0.1611720423640596,-0.153355514355716,-2.9235408633669606,-0.6355727583100129,-13.36372344839154,-16.922837070068514
stable,year,2022,251,1,251,2022-01-03,2022-12-30,108,142,1,0.7307865738360692,0.730621367852973,-0.02886860732365275,-0.02898193871957358,0.19361359470137984,0.19361359470137984,27.10736377372216,25.579285222906766,,-0.1948164065268404,-0.1955112108615282,0.25360573583037027,0.25360573583037027,100.0,100.0,,-0.160296552517868,-0.16088081784471137,0.2119830461055292,0.2119830461055292,82.62221025475965,82.5176611213015,,-0.1415049703030432,-0.142026661743301,0.18880157505213802,0.18880157505213802,73.14096080567043,72.99803596978097,,-0.15925795729210263,-0.15983880775629822,0.21413795704715344,0.21413795704715344,70.0457218576834,71.62047433354925,,0.16594779920318764,0.13142794519421525,0.11263636297939046,0.13038934996844986,6.411057295897263,-2.089600474136505,14.417688994300654,18.739145816061413
stable,year,2023,250,1,250,2023-01-03,2023-12-29,140,109,1,0.8609941463362157,0.8613360011766586,0.08573760350719692,0.08645233716607179,0.12547625175177213,0.12547625175177213,73.9752698919005,83.9776217881695,,0.24286799325793076,0.24503168529484504,0.1029074793896857,0.1029074793896857,100.0,100.0,,0.19816046546165283,0.19989461807127498,0.08551305199520198,0.08551305199520198,82.60629705517209,82.54812366421811,,0.20711914739992077,0.20893830931240903,0.08904808881397219,0.08904808881397219,86.12400180487984,86.07561064270561,,0.1782324970671586,0.17977949826655484,0.09493421631169019,0.09493421631169019,83.63517282045379,86.2490145701079,,-0.15713038975073385,-0.11242286195445592,-0.12138154389272385,-0.09249489355996168,-2.918495586093528,-2.4221219227036044,-8.175585676580594,-13.516203185377726
stable,year,2024,252,1,252,2024-01-02,2024-12-31,148,104,0,0.9214830897259936,0.9220293043964589,0.10890258726423929,0.10890258726423929,0.06606366748129411,0.06606366748129411,71.75240123995219,79.22451490772634,,0.23304794786605398,0.23304794786605398,0.08405619392423247,0.08405619392423247,100.0,100.0,,0.19022252909778992,0.19022252909778992,0.06974837836927605,0.06974837836927605,82.6053267050254,82.533603199156,,0.2136345018411901,0.2136345018411901,0.07762605878964768,0.07762605878964768,92.1626765318999,92.12659337169669,,0.2136306742534542,0.2136306742534542,0.07466390250470256,0.07466390250470256,91.12889896333915,90.76123919617258,,-0.12414536060181469,-0.08131994183355062,-0.1047319145769508,-0.1047280869892149,-1.5869532601043486,-0.00031538274215814344,-9.024555800069436,-10.611824442915943
stable,year,2025,250,1,250,2025-01-02,2025-12-31,142,108,0,0.832947165959436,0.8323206670635052,-0.06750164194246161,-0.06802285895027887,0.18217327376547454,0.18217327376547454,46.588074741946166,63.18339446347142,,0.16352710043963176,0.16493774011018084,0.18998904129504934,0.18998904129504934,100.0,100.0,,0.13623334135649506,0.1373948806671154,0.15903259082864052,0.15903259082864052,82.666389853938,82.48979677423084,,0.137370271823502,0.13854208271792337,0.16032566451115304,0.16032566451115304,83.38139857686701,83.21062448356919,,0.056520244432568416,0.056985052594201634,0.17671834544202047,0.17671834544202047,75.34997466521881,82.39056260207816,,-0.23102874238209337,-0.20373498329895667,-0.20487191376596361,-0.12402188637503003,-2.273717706823686,-7.373809890882751,-12.486860794366844,-22.13438839207328
stable,year,2026,189,1,189,2026-01-02,2026-10-02,96,93,0,0.8341082174428314,0.835205589267396,0.016903021635108477,0.022600616942756797,0.12931976291935932,0.12931976291935932,90.2558361919398,107.33964564469251,,0.12750848532487147,0.17352701572311588,0.09133132097249108,0.09133132097249108,100.0,100.0,,0.10520496653669721,0.14267774875339695,0.0758170313901324,0.0758170313901324,82.60626131959421,82.5410633943689,,0.10627244898526414,0.1441495538877538,0.07656357591366614,0.07656357591366614,83.43922033038591,83.37651629919553,,0.08613955244489138,0.1164711505532185,0.07016959490816432,0.07016959490816432,81.77808952952637,84.76982715445178,,-0.11060546368976298,-0.08830194490158874,-0.08936942735015566,-0.0692365308097829,-1.9014108151263323,-1.83664954155143,-6.58679593579439,-10.324856292472154
watch,overall,all,2263,1,2263,2017-10-02,2026-10-02,1245,1014,4,0.8439368177686283,0.8436847666346671,0.043021024373833705,0.004701506302095798,0.2727505356643519,0.2727505356643519,41.81791938985397,46.87278926076575,0.004691087355905312,2.0542059563728965,0.13239157950627667,0.3410474689324393,0.3410474689324393,100.0,100.0,0.13208034324308202,1.620426203967067,0.11323916960931289,0.2938810828427044,0.2938810828427044,84.45012425348891,84.31302042496367,0.11297517072473343,1.620426203967067,0.11323916960931289,0.2938810828427044,0.2938810828427044,84.45012425348891,84.31302042496367,0.11297517072473343,1.0333150576873358,0.08223263698064237,0.21668606706804083,0.21668606706804083,73.36640115142204,74.8510904035263,0.08204356617123042,-2.011184931999063,-1.5774051795932333,-1.5774051795932333,-0.9902940333135021,-15.318266494561827,-25.366948336487518,-66.75461610355117,-107.43983093460052
watch,sma200,above,1825,30,395,2017-10-02,2026-10-02,1018,804,3,0.9103451193071066,0.9099262827409479,0.07125802985460081,0.009550019495582918,0.2289746299432731,0.20688699084806428,56.99045991888807,62.91507318648932,,1.0148451298388725,0.10156557824180536,0.20818883150107803,0.12067738669444772,100.0,100.0,,0.8222702803867808,0.08639056584316773,0.17830509794981597,0.10259253743187025,84.41786560279544,84.34392893637576,,0.902623044379655,0.09288292418769795,0.19113405573970732,0.11032120877524076,91.04948925574269,91.00364507596652,,0.7729241819433822,0.08228012434742736,0.18639030152024427,0.10572216275708624,88.28270007397253,89.20432875957191,,-0.9435870999842717,-0.75101225053218,-0.8313650145250542,-0.7016661520887814,-5.730885004075059,-7.060322016692011,-50.37965769144242,-63.170864712209486
watch,sma200,below,438,29,162,2018-03-26,2026-04-08,227,210,1,0.5672355613583017,0.567678449525164,-0.026358734024705177,-0.015251254634673922,0.1607954552870401,0.16079545528704065,14.156349836870646,17.21482667660947,,0.5158514722256305,0.27039694992651675,0.26287772516400654,0.2628777251640071,100.0,100.0,,0.4380008455226937,0.23243928516353307,0.22431830817457643,0.22431830817457676,84.48161792321885,84.2755972888229,,0.2952004461356044,0.1604655120036985,0.15359318410242617,0.15359318410242606,56.88924358279151,56.50626990730827,,0.14687084670396192,0.08203479537908251,0.16679700151859933,0.16679700151859944,46.10569107680649,48.37107387226302,,-0.5422102062503358,-0.46435957954739887,-0.3215591801603096,-0.1732295807286671,-15.731184112023367,-12.162823698258912,-16.37495841210877,-44.26896622239105
watch,trend63,up,1698,45,321,2017-10-02,2026-10-02,948,746,4,0.9163111228194704,0.917060766876103,0.112440596753747,0.015939718027716435,0.280848686704682,0.14756361388447414,58.604594121226114,65.75076256082573,,1.2230905727557886,0.1258794048974076,0.22405214214364522,0.1206773866944475,100.0,100.0,,0.9784979874976574,0.1065706240553828,0.1922276992502201,0.10259253743187013,84.41850685302383,84.34290081383968,,1.089172210694287,0.11554563986771163,0.20712303456651304,0.11101312876268288,91.64555672252318,91.60150596172663,,0.9039014312704624,0.10027692419473248,0.18512463077757624,0.10536462077851672,88.74841980032801,90.15904060646514,,-1.1106499760020416,-0.8660573907439104,-0.97673161394054,-0.7914608345167155,-6.213046155038304,-9.286275034319624,-53.73488282821496,-69.23420401757289
watch,trend63,downFlat,565,44,137,2018-02-09,2026-04-15,297,268,0,0.6264296142706991,0.6231671588294313,-0.06240294770119776,-0.02833011067921827,0.1789902104840484,0.12723726859136608,16.659653399417998,20.27568545229966,,0.3738558355662678,0.1521902611232755,0.2628777251640071,0.2628777251640071,100.0,100.0,,0.3244522969069583,0.1335230582724307,0.22431830817457643,0.22431830817457676,84.4799784429221,84.28635461475301,,0.24851272956876244,0.10406075520021162,0.16896944738894104,0.16896944738894093,62.79755828932947,62.454098803326815,,0.06797286051227784,0.029765557792163874,0.1436883388310658,0.1436883388310659,50.26432327392579,53.32991357253031,,-0.43625878326746553,-0.38685524460815607,-0.3109156772699602,-0.1303758082134756,-9.566823855089055,-15.619069786602365,-13.01973327533622,-38.205626917027644
watch,volatility63,low,1265,16,322,2017-10-02,2026-10-02,710,553,2,0.9067483840126681,0.907661112285935,0.06541068181091868,0.012701974491692922,0.17317707253050318,0.13019096400426655,56.69692078470757,62.073690760095204,,0.5927100187128471,0.09715389824587845,0.12205242332437383,0.1206773866944475,100.0,100.0,,0.4896020562486918,0.08262297228400245,0.10341871390634827,0.10259253743186991,84.41964968293118,84.34692054772233,,0.530662556875554,0.08850327976657918,0.1109379031997687,0.1099038780073135,90.69149954294271,90.64478733391927,,0.5173603398071489,0.0866122394172548,0.11190680942896625,0.10536462077851683,88.52238656524555,88.44828056250013,,-0.5272993369019284,-0.4241913744377731,-0.4652518750646353,-0.4519496579962302,-3.9736294273783113,-0.8728478737290601,-35.36118650859639,-40.20766380970377
watch,volatility63,medium,737,22,137,2018-02-12,2026-06-26,390,346,1,0.842824767147821,0.8424987038768643,0.04501757148051248,0.015170216156874156,0.19137450103435227,0.19137450103435172,41.799753677399224,43.761035990491365,,0.28526407172177204,0.0896007758110026,0.2676910711661583,0.17021180491193055,100.0,100.0,,0.24557756473283568,0.07797780231722212,0.23022230318754067,0.14512489540496465,84.44688997197765,84.32415878716427,,0.24528631438189613,0.07789160932299236,0.22994986475749524,0.1449442016485345,84.33599530114286,84.21255264439321,,0.15143292679238765,0.049395335554442865,0.20140793364101406,0.12811593988266434,75.41205378909332,77.11649278233583,,-0.24024650024125954,-0.2005599932523232,-0.20026874290138363,-0.10641535531187517,-3.1598725651315887,-7.835828483828161,-9.697348994080917,-20.693050043040667
watch,volatility63,high,261,7,89,2019-01-07,2025-07-11,145,115,1,0.5426454384920939,0.5369569927022787,-0.0631880477911851,-0.06107711259779606,0.11836879644279785,0.09670764056236913,11.608229265257334,18.73194396860308,,0.4920014335233781,0.47155736832739004,0.22699540056673684,0.22699540056673684,100.0,100.0,,0.41231279410672805,0.39559968447288446,0.19307723380046193,0.19307723380046216,84.49004869370675,84.23753787767063,,0.26026699421539934,0.2502542402963421,0.12590940621516067,0.125909406215161,54.448221822496244,53.974844561373956,,0.16379718888802866,0.15772569600045308,0.0992241829280961,0.08454199446756316,38.99857267743428,39.64199440480389,,-0.5551894813145632,-0.47550084189791314,-0.3234550420065844,-0.22698523667921378,-16.87948639009929,-7.963550090882937,-21.696080600873874,-46.539117081856105
watch,sma200Trend63,above|up,1642,44,321,2017-10-02,2026-10-02,918,721,3,0.920839018625335,0.9212524529731763,0.16087066654386833,0.023157435451735556,0.23216639651179394,0.1475636138844748,60.019594455988866,67.44909247205196,,1.2970925634418773,0.13613662682560337,0.17272267255311002,0.1206773866944475,100.0,100.0,,1.0325635639421975,0.1150027988684904,0.14719277721017499,0.10259253743187013,84.41802137439592,84.34439802446558,,1.1596175452352568,0.12542685721024305,0.15983814785020556,0.1115379963685853,92.09736341747707,92.05658720131204,,0.9410141383396411,0.10714412757443818,0.1653542869090222,0.10536462077851672,89.23396897948084,91.03988125660359,,-1.136221896898009,-0.8716928973983291,-0.9987468786913885,-0.7801434717957727,-6.171307680417792,-10.672055541797432,-51.404029002481344,-68.24739222469657
watch,sma200Trend63,above|downFlat,183,53,24,2018-02-09,2026-04-15,100,83,0,0.8161867440036583,0.8083002088539587,-0.07719433290192548,-0.10472779297369815,0.13103677871914,0.07551147045705187,34.357812919596235,38.71721932396939,,-0.12287159781671833,-0.1651754913655933,0.16672938142038685,0.05654848025869441,100.0,100.0,,-0.10346209451258126,-0.1396310931571737,0.1415549583307174,0.04783479699959059,84.4152429691275,84.35042890485686,,-0.10001611467193813,-0.13507395107301953,0.1370432817844628,0.0462810551794155,81.64324042260837,81.56942498240524,,-0.08659903762475644,-0.11726793516928426,0.13233412365844888,0.042385018159351695,81.16753004398119,79.42638202373841,,0.04567726491479285,0.026267761610655777,0.02282178177001265,0.009404704722830962,2.572346561849094,1.4798096395990668,1.0243713110389283,5.076527512487089
watch,sma200Trend63,below|up,56,12,16,2019-01-31,2023-03-23,30,25,1,0.7835467493689391,0.7941545423869222,-0.04171874713167385,-0.174497364716366,0.1111732659989687,0.05904812380028657,31.950383124545016,41.54206486915331,,-0.03221550226744324,-0.13701355305008217,0.18639941334406507,0.08942258532457725,100.0,100.0,,-0.02659969774311937,-0.11424901199969376,0.15939890181492844,0.07583889085540274,84.41878948105827,84.34224729746356,,-0.024483705796815965,-0.1055514271384785,0.14875083136565848,0.0705460099152212,78.38702850839775,78.28853569326655,,-0.019120266223781882,-0.08320776352023602,0.14500403791193817,0.053384692836500824,79.5832468361532,77.6280734335969,,-0.009503244864230612,-0.015119049388554483,-0.017235041334857888,-0.02259848090789197,0.7957427178745955,0.5482993149827028,-2.3308538257336213,-0.9868117928763229
watch,sma200Trend63,below|downFlat,382,29,82,2018-03-26,2026-04-08,197,185,0,0.5355250207075276,0.534477765754854,0.016028710841408098,0.010545279288413084,0.131087239263053,0.12723726859136608,12.497095681082621,14.233659404022786,,0.5663109667257037,0.34449209877142783,0.2628777251640071,0.2628777251640071,100.0,100.0,,0.47729648551434783,0.29358634561261204,0.22431830817457643,0.22431830817457676,84.48551317518614,84.2675511552307,,0.2995753667064986,0.18870262441897606,0.14530241047237114,0.14530241047237158,53.72808222309177,53.31774751630738,,0.16922677389684318,0.10864332528288533,0.11788247511683969,0.11788247511683958,42.98037904326078,44.78603295547361,,-0.5502822558842956,-0.4612677746729397,-0.2835466558650905,-0.1531980630554351,-18.668558164064073,-10.569491679075501,-14.04410458637515,-43.282154429514726
watch,joint,above|up|low,1160,29,200,2017-10-02,2026-10-02,651,507,2,0.9270401340157,0.9286095838232964,0.034606668018338727,0.007418218925864318,0.2373296149761338,0.13019096400426655,60.28960020771134,65.98611844737017,,0.44416654650047444,0.08311726399272899,0.13352584142809532,0.1206773866944475,100.0,100.0,,0.3701042354660806,0.07080044406735131,0.11272741182616952,0.10259253743186991,84.41713723761679,84.34794376156228,,0.40936371547606554,0.07739258141794435,0.12380870713618497,0.1122564507392918,92.71604984825223,92.68049307915926,,0.4005282529557419,0.07592165484750535,0.10916902832740949,0.10536462077851683,91.59083951029154,91.63013521749839,,-0.4095598784821357,-0.3354975674477419,-0.3747570474577268,-0.3659215849374032,-2.439403381223715,-0.628884792688944,-30.28281654052699,-33.35110471443965
watch,joint,above|up|medium,422,32,76,2018-02-12,2026-06-26,232,189,1,0.9132924435299681,0.9118785887915993,0.09360628601167316,0.05488737218155005,0.19554988066917933,0.14756361388447437,62.055151227751594,75.4406411471321,,0.5009492963056623,0.27443619764682814,0.09801508627934152,0.09801508627934186,100.0,100.0,,0.41177687579218736,0.2286657817955185,0.08313011723538288,0.0831301172353831,84.4181897375066,84.34808833472862,,0.4508735375086072,0.24887256636030639,0.08976389408035435,0.08976389408035412,91.34397055285318,91.30180222960847,,0.3787702022559691,0.2114304172477256,0.10391841065141638,0.10391841065141671,86.40228383315531,89.00042211021372,,-0.40734301029398917,-0.3181705897805142,-0.35726725149693406,-0.28516391624429593,-3.393195743817218,-5.097387063324915,-23.171118965636595,-31.661701772778727
watch,joint,above|up|high,60,8,27,2020-05-29,2025-07-11,35,25,0,0.8540283659156948,0.8449441012812743,0.026000485748571205,0.11383222561228962,0.03642862954349335,0.03642862954349335,45.41017414313606,45.94716437058982,,0.05972991401927328,0.27590933173262727,0.08261386209779853,0.06989488243273445,100.0,100.0,,0.05081064366900723,0.23141019558510129,0.06983882650863182,0.059090747225472806,84.4143842350258,84.28308187921,,0.05139228525655699,0.23427547930578213,0.07066628878882553,0.05979053627036235,85.42242953899807,85.29811685942036,,0.005182538283175516,0.02194783829975483,0.09098846853704501,0.06701785873473276,76.2784241612986,93.564458451876,,-0.03372942827070208,-0.024810157920436022,-0.02539179950798578,0.02081794746539569,-0.7898805777363155,-4.494611663424121,2.049906503682241,-3.2345857374781954
watch,joint,above|downFlat|low,65,19,18,2018-02-09,2026-03-19,36,29,0,0.7116430902941003,0.7072699389150607,-0.012007185425546083,-0.04575293643390822,0.08090140343911334,0.061869551943757095,44.08827266723215,44.118811776632704,,-0.028145799580798683,-0.10477854768064832,0.07775458445227756,0.05654848025869441,100.0,100.0,,-0.02330124111588381,-0.08735312128650535,0.06587405168768123,0.04783479699959059,84.41880978682124,84.34833090190924,,-0.019323041702304714,-0.0728567457071316,0.05572937681038903,0.0404158621121502,71.20350541145125,71.09377800297642,,-0.006187416006608716,-0.023775458229157553,0.04605874139716781,0.042385018159351695,74.85782035237915,69.81553065619414,,0.016138614155252598,0.011294055690337727,0.007315856276758631,-0.005819769418937367,0.9037313322732405,1.330553462556013,-0.5873216565447776,1.6469631382844754
watch,joint,above|downFlat|medium,102,29,24,2018-03-23,2026-04-15,54,48,0,0.9008711265798359,0.9009132575724288,-0.044918354363959044,-0.10733544257746594,0.07703507208580918,0.07551147045705187,28.51231007962688,30.732897547119176,,-0.11659897868627077,-0.26382962967432233,0.16825077432882263,0.03733010615653476,100.0,100.0,,-0.09858205813459575,-0.2261777817891576,0.14332535120073486,0.03155090962218565,84.41077703022778,84.35189759432986,,-0.10516461146815634,-0.24006368833677888,0.15247550279282196,0.03366125099400252,90.09869856900349,90.05875829644752,,-0.08252078596705724,-0.19166628097237065,0.13428833106593108,0.03203470867011815,89.32202792193176,84.66460727305322,,0.07168062432231173,0.05366370377063671,0.060246257104197294,0.037602431603098195,1.2860522652034385,2.499014673637,4.016690497190653,7.8017574360310915
watch,joint,above|downFlat|high,16,5,12,2020-05-28,2025-06-02,10,6,0,0.7010323982756047,0.6283274949004848,-0.022051538512116994,-0.2961558704071605,0.030471563030058824,0.02814307471005517,30.086308222484032,106.830796388869,,0.021654755836703943,0.40133037473618843,0.02646043688388955,0.02646043688388977,100.0,100.0,,0.018314252576794674,0.33087939501374947,0.02235508960715027,0.02235508960715049,84.42722433848971,84.36603614276366,,0.015242516550800316,0.2690370507713411,0.018588067002584197,0.018588067002584308,70.15670785777802,70.05931582889326,,0.0017532021600008168,0.02797285058405619,0.024790008964781562,0.02479000896478145,54.83635591996334,81.66133003146591,,-0.04370629434882094,-0.04036579108891167,-0.03729405506291731,-0.02380474067211781,-0.6296105900956698,-1.3375849421258614,-2.404997529606947,-4.372193061828479
watch,joint,below|up|low,0,0,0,,,0,0,0,,,,,,,,,,,,,,,,,,,,,,,,,,,,,,,,,,,,,,,,,,,,,
watch,joint,below|up|medium,37,9,9,2019-01-31,2023-03-23,22,15,0,0.7464633872760448,0.7578375651982493,-0.0444228865519395,-0.2661730012710046,0.08988794986824244,0.05904812380028657,28.629152240231903,47.24999531110245,,-0.022034656468518623,-0.1407986521492205,0.13515904809672952,0.08942258532457725,100.0,100.0,,-0.01814849475371075,-0.11727481308311254,0.11503011092417992,0.07583889085540274,84.42263377769594,84.33469937279607,,-0.01580439995766425,-0.1028215060189056,0.10228018292277297,0.06728570428113434,74.68798900008858,74.5617946976613,,-0.0033303045569323788,-0.02246377350110558,0.09514881450808987,0.053384692836500824,78.4936298396869,72.04765572680716,,-0.02238823008342088,-0.02627439179822875,-0.028618486594275253,-0.04109258199500712,0.6350424483785234,1.2594758789242355,-4.2103951382019735,-2.3158768108992147
watch,joint,below|up|high,19,7,8,2020-06-12,2023-01-03,8,10,1,0.8557617176551019,0.8648770769122327,0.0028298495037288604,0.03819095767784596,0.027539195394355898,0.026589396374088525,38.71841619455125,29.850371450695494,,-0.01041023167770044,-0.12959465070137946,0.06280559399814778,0.04652091486987353,100.0,100.0,,-0.008607414608269819,-0.10832686517334217,0.0531561113229001,0.03934702670162693,84.40719593164222,84.36326182112788,,-0.008741724466963887,-0.10992772800262463,0.05388923022653569,0.03989170589915314,85.58883536840095,85.54765829513981,,-0.015842722758646843,-0.19087899309874912,0.060031874377991734,0.04365919545218466,81.80347074215287,89.06852827890816,,0.0132400811814293,0.01143726411199868,0.011571573970692747,0.018672572262375703,0.16846396779558842,-0.7189402622410492,1.8795413124683524,1.3290650180228918
watch,joint,below|downFlat|low,40,6,14,2018-10-12,2026-04-08,23,17,0,0.635333736217418,0.6257910944301263,0.042288599554424565,0.29814833723107187,0.029895916293725455,0.029895916293725455,24.20093863941722,17.52719846406894,,0.1347973562693522,1.2181217824502903,0.04536906230764359,0.04536906230764348,100.0,100.0,,0.11315596635142054,0.9647301782055095,0.03832136150259735,0.03832136150259757,84.42423163283415,84.34726883180409,,0.08457200490719338,0.6677381296136344,0.028881528686045543,0.028881528686045654,63.587275973916434,63.45199390238283,,0.09016532062777288,0.7226691799461591,0.04794963066279734,0.04794963066279756,63.406383999314485,59.826035152486256,,-0.09250875671492761,-0.07086736679699598,-0.04228340535276882,-0.04787672107334832,-4.526865061411571,0.5143911393876031,-4.491048311524623,-8.50352223354859
watch,joint,below|downFlat|medium,176,23,31,2018-03-26,2025-04-09,82,94,0,0.6604797839655716,0.6600888528549492,0.04702332415316065,0.06800644609698991,0.09444806968309893,0.07016995286332395,21.787461205901717,18.10743428143311,,-0.008837222439756208,-0.012629112264691527,0.2052635308566496,0.13287697932325382,100.0,100.0,,-0.0031433629083075574,-0.004497667789141473,0.17400380518263991,0.11317636384281204,84.47828127074088,84.30670322277784,,0.0015359741809286755,0.0021999648813083323,0.13680573721288902,0.08953794737155918,66.19313963417545,65.90082033582765,,-0.08672983891659919,-0.12181641292378526,0.19059956016655366,0.11788247511683958,56.08126573319164,63.40248767406431,,0.05586054659291686,0.05016668706146821,0.04548734997223197,0.13375316306975985,1.041129805675072,-9.225833313635883,13.667474612566997,5.482771104606184
watch,joint,below|downFlat|high,166,8,62,2019-01-07,2025-05-12,92,74,0,0.37899256917854346,0.3792965339679404,-0.0689743706415519,-0.10281599911374739,0.1224407073186563,0.09670764056236913,3.004973500891543,9.861678823780986,,0.3925624786315252,0.6531836239941172,0.22699540056673684,0.22699540056673684,100.0,100.0,,0.3313092253772402,0.5440608703128562,0.19307723380046193,0.19307723380046216,84.50079697724092,84.22227922763525,,0.14732206740465345,0.23198854862975518,0.08856072491753764,0.0885607249175373,38.094221145941965,37.60057149464464,,0.17437587426805945,0.27635726762024865,0.07650728880296209,0.07650728880296243,28.875206788240348,23.840568293700983,,-0.46153684927307714,-0.40028359601879215,-0.21629643804620535,-0.24335024490961135,-19.37149699266918,2.3306245795143816,-23.22053088741752,-40.26140330057232
watch,year,2017,63,1,63,2017-10-02,2017-12-29,38,25,0,0.9519208631644194,0.9360784799495366,0.03566380498252876,0.1504697237632812,0.023884029631285775,0.023884029631285775,112.92092528792972,169.28750981419253,,0.06005534834305682,0.2627406637018165,0.010304438505269076,0.010304438505269076,100.0,100.0,,0.05050402312855513,0.21784181010467704,0.00870039108988574,0.00870039108988574,84.40855806443123,84.38618197282224,,0.05710571417987033,0.24874476803387255,0.00981043327185771,0.00981043327185771,95.1972528555959,95.18947947285288,,0.05060757540813636,0.21832207078271293,0.010184067741459746,0.010184067741459746,91.1757218842865,98.18593285067199,,-0.02439154336052806,-0.014840218146026367,-0.02144190919734157,-0.0149437704256076,-0.27864068764802896,-0.6166075236468983,-1.432606145925905,-2.327854357220832
watch,year,2018,251,1,251,2018-01-02,2018-12-31,132,117,2,0.8939263641671024,0.8979027392369734,-0.07194823661172234,-0.0722242734561181,0.13438766930875312,0.13438766930875312,49.4840790657912,52.67613276647551,,-0.0634789331952502,-0.06372360284910614,0.20178483869435293,0.20178483869435293,100.0,100.0,,-0.0520147176836835,-0.052216440712093144,0.17255968744291927,0.17255968744291927,84.4350617203879,84.33033810182513,,-0.05562835977963159,-0.055843680194882256,0.1820095295702292,0.1820095295702292,89.4224009574334,89.34699103819617,,-0.09575827417717643,-0.09612082963651225,0.15643738769853088,0.15643738769853088,80.84911185559982,85.85288802105664,,-0.008469303416472132,-0.019933518928038838,-0.016319876832090748,0.023810037565454092,0.8347758460888678,-4.342305487536118,2.5990790273818662,-0.9084506140653842
watch,year,2019,252,1,252,2019-01-02,2019-12-31,149,103,0,0.8906499745178492,0.8868163617869381,0.1935821863795313,0.1935821863795313,0.09296852857104676,0.09296852857104676,50.84390795475914,42.82258651167818,,0.28785206349907816,0.28785206349907816,0.06618369396275503,0.06618369396275503,100.0,100.0,,0.2393027265748951,0.2393027265748951,0.05603573339543255,0.05603573339543255,84.42127326994053,84.34552769479592,,0.25369077084239444,0.25369077084239444,0.05908026230584107,0.05908026230584107,89.08538960155526,89.02936510897223,,0.20016623084393814,0.20016623084393814,0.059035649248674216,0.059035649248674216,82.33400019907816,86.80261163081859,,-0.09426987711954685,-0.045720540195363785,-0.06010858446286313,-0.00658404446440683,-2.688394597695079,-4.363174467337089,-0.550104682732927,-7.601673747765095
watch,year,2020,253,1,253,2020-01-02,2020-12-31,146,107,0,0.6407185405623366,0.6407989447267888,-0.12013072787170728,-0.11968552684345309,0.1657773255861097,0.1657773255861097,22.41382161697462,32.69256700981483,,0.16162313396748895,0.1609354625739785,0.3410474689324394,0.3410474689324394,100.0,100.0,,0.14337177103245274,0.14276643422088686,0.29388108284270464,0.29388108284270464,84.49663802414365,84.22631469830762,,0.11532322232916233,0.11484217544700054,0.22912952227209904,0.22912952227209904,64.25324058461553,63.78241449189213,,0.029853025176767183,0.02973329198903274,0.1514382706114863,0.1514382706114863,39.92956476554112,42.153728900255054,,-0.28175386183919626,-0.26350249890416,-0.23545395020086962,-0.14998375304847447,-4.067403209529596,-7.972815034375835,-15.739803500149788,-27.780021744055215
watch,year,2021,252,1,252,2021-01-04,2021-12-31,146,106,0,0.9164745929855546,0.9163306236029799,0.0899825144141533,0.0899825144141533,0.11245669207952858,0.11245669207952858,62.06480137072749,71.4389584054523,,0.2703540848726257,0.2703540848726257,0.05417151230325967,0.05417151230325967,100.0,100.0,,0.2251866855963361,0.2251866855963361,0.045802499841796185,0.045802499841796185,84.41979514699015,84.35824568359229,,0.24604260585750787,0.24604260585750787,0.04969639702732165,0.04969639702732165,91.66262627920891,91.62684633814904,,0.2161528207678024,0.2161528207678024,0.05184819270404728,0.05184819270404728,88.66818219542495,91.17133170660483,,-0.1803715704584724,-0.1352041711821828,-0.1560600914433546,-0.12617030635364912,-1.9323054709568799,-2.428016326674634,-10.953079633055586,-15.313401430687101
watch,year,2022,251,1,251,2022-01-03,2022-12-30,108,142,1,0.6860025366398144,0.6867881665139094,-0.044365571579491156,-0.044538330996743515,0.16079545528704098,0.16079545528704098,20.5862486336559,20.66023262864759,,-0.1948164065268404,-0.1955112108615282,0.25360573583037027,0.25360573583037027,100.0,100.0,,-0.16389470654804664,-0.16449076272290064,0.21637860356458904,0.21637860356458904,84.43530094637335,84.33958914669182,,-0.13265884637502734,-0.13315050976416046,0.17775438248360864,0.17775438248360864,68.66852685129568,68.51206065689335,,-0.18255976743991,-0.18321598816059267,0.21668606706803972,0.21668606706803972,64.40341173540311,68.49001211841568,,0.15045083494734923,0.11952913496855548,0.08829327479553618,0.13819419586041887,7.43620689997159,-5.925459676086839,15.619765278882594,17.130512502767345
watch,year,2023,250,1,250,2023-01-03,2023-12-29,140,109,1,0.8524775165771581,0.8517754372101695,-0.05719440237733179,-0.057638511318540565,0.1629925713435062,0.1629925713435062,55.48905873642662,79.8134300992874,,0.24286799325793076,0.24503168529484504,0.1029074793896857,0.1029074793896857,100.0,100.0,,0.20277612477836582,0.2045540082665154,0.08733752623031887,0.08733752623031887,84.42074346723206,84.36749032850001,,0.2049495028938757,0.2067480275348778,0.0881942846022219,0.0881942846022219,85.27358918812665,85.22274106411068,,0.17010500749164847,0.17157645899886464,0.08827882794878072,0.08827882794878072,81.83576101115378,84.88267970090469,,-0.30006239563526255,-0.25997052715569763,-0.2621439052712075,-0.22729940986898026,-3.098394702225926,-2.9344164977150893,-21.598866548066418,-27.631677748007434
watch,year,2024,252,1,252,2024-01-02,2024-12-31,148,104,0,0.9468099226617922,0.9466570059556592,0.16687572291754754,0.16687572291754754,0.08375746216928714,0.08375746216928714,78.99822143697367,80.85540979219105,,0.23304794786605398,0.23304794786605398,0.08405619392423247,0.08405619392423247,100.0,100.0,,0.19464525420165488,0.19464525420165488,0.07124708107006983,0.07124708107006983,84.41985527427893,84.35419259771419,,0.21987614353258927,0.21987614353258927,0.07970335046856258,0.07970335046856258,94.69099046506722,94.66587187565587,,0.20716774926840342,0.20716774926840342,0.08076671904112209,0.08076671904112209,93.12576500927696,94.23250384021688,,-0.06617222494850644,-0.027769531284107335,-0.05300042061504173,-0.04029202635085588,-1.073977868742576,-1.047241910000582,-3.394705795024497,-5.515925573767655
watch,year,2025,250,1,250,2025-01-02,2025-12-31,142,108,0,0.891989393494067,0.8920461079580809,-0.06934535570993597,-0.06988026894617165,0.19246505925931845,0.19246505925931845,35.46553682092844,50.3235319039009,,0.16352710043963176,0.16493774011018084,0.18998904129504934,0.18998904129504934,100.0,100.0,,0.13910852041005767,0.14029605322153302,0.16230195762051058,0.16230195762051058,84.47568575037606,84.31406143600414,,0.14668078052520447,0.14793705145763433,0.17090206230189553,0.17090206230189553,89.25878524398262,89.14062068502149,,0.09157394599320981,0.09233936950761104,0.17010648910793924,0.17010648910793924,83.06113166950453,87.62093104157475,,-0.23287245614956772,-0.20845387611999364,-0.21602613623514044,-0.16091930170314578,-1.4584504419801525,-4.925084939513434,-15.948766372173239,-22.332301753666826
watch,year,2026,189,1,189,2026-01-02,2026-10-02,96,93,0,0.8523060334751555,0.8544980962271621,-0.03108660480361407,-0.0412325528953419,0.13998218811891638,0.13998218811891638,19.20156577492062,29.51083117963873,,0.12750848532487147,0.17352701572311588,0.09133132097249108,0.09133132097249108,100.0,100.0,,0.10753037308531502,0.14588454058576894,0.07744277850096248,0.07744277850096248,84.42070943477424,84.36102505776553,,0.10860155302087461,0.14736247910079447,0.07819101143470386,0.07819101143470386,85.25643264287889,85.19938858970588,,0.12972611902039471,0.17660555076131668,0.045060503833742716,0.045060503833742716,83.75289864816715,79.85449855652293,,-0.15859509012848555,-0.1386169778889291,-0.13968815782448868,-0.1608127238240088,-1.6910959266030674,1.8875871911580189,-15.355527732687282,-15.159036468132332
