origin,candidate_baseline_date,candidate_tickers,baseline_age_days,interval_comparison,window_history_events,window_explicit_change_events,official_baseline_matches,official_baseline_conflicts,ready,blockers
2009-11-13,2009-11-10,499,3,match,792,0,0,0,false,uncertified_membership_baseline_and_change_completeness;missing_historical_publication_and_revision_vintages;missing_historical_sector_coverage;missing_permanent_security_identity_and_dated_alias_coverage;missing_delisted_price_vintages;missing_full_lifecycle_delisting_outcomes
2010-11-19,2010-11-18,497,1,match,34,0,0,0,false,uncertified_membership_baseline_and_change_completeness;missing_historical_publication_and_revision_vintages;missing_historical_sector_coverage;missing_permanent_security_identity_and_dated_alias_coverage;missing_delisted_price_vintages;missing_full_lifecycle_delisting_outcomes
2011-11-25,2011-11-25,497,0,match,36,0,0,0,false,uncertified_membership_baseline_and_change_completeness;missing_historical_publication_and_revision_vintages;missing_historical_sector_coverage;missing_permanent_security_identity_and_dated_alias_coverage;missing_delisted_price_vintages;missing_full_lifecycle_delisting_outcomes
2012-11-30,2012-11-27,497,3,match,40,0,0,0,false,uncertified_membership_baseline_and_change_completeness;missing_historical_publication_and_revision_vintages;missing_historical_sector_coverage;missing_permanent_security_identity_and_dated_alias_coverage;missing_delisted_price_vintages;missing_full_lifecycle_delisting_outcomes
2013-12-06,2013-12-03,497,3,match,36,0,0,0,false,uncertified_membership_baseline_and_change_completeness;missing_historical_publication_and_revision_vintages;missing_historical_sector_coverage;missing_permanent_security_identity_and_dated_alias_coverage;missing_delisted_price_vintages;missing_full_lifecycle_delisting_outcomes
2014-12-12,2014-12-08,499,4,match,38,0,0,0,false,uncertified_membership_baseline_and_change_completeness;missing_historical_publication_and_revision_vintages;missing_historical_sector_coverage;missing_permanent_security_identity_and_dated_alias_coverage;missing_delisted_price_vintages;missing_full_lifecycle_delisting_outcomes
2015-12-18,2015-12-15,502,3,match,55,0,0,0,false,uncertified_membership_baseline_and_change_completeness;missing_historical_publication_and_revision_vintages;missing_historical_sector_coverage;missing_permanent_security_identity_and_dated_alias_coverage;missing_delisted_price_vintages;missing_full_lifecycle_delisting_outcomes
2016-12-23,2016-12-22,506,1,match,60,0,0,0,false,uncertified_membership_baseline_and_change_completeness;missing_historical_publication_and_revision_vintages;missing_historical_sector_coverage;missing_permanent_security_identity_and_dated_alias_coverage;missing_delisted_price_vintages;missing_full_lifecycle_delisting_outcomes
2017-01-27,2017-01-27,506,0,match,2,0,0,0,false,uncertified_membership_baseline_and_change_completeness;missing_historical_publication_and_revision_vintages;missing_historical_sector_coverage;missing_permanent_security_identity_and_dated_alias_coverage;missing_delisted_price_vintages;missing_full_lifecycle_delisting_outcomes
2017-08-04,2017-08-01,506,3,match,40,0,0,0,false,uncertified_membership_baseline_and_change_completeness;missing_historical_publication_and_revision_vintages;missing_historical_sector_coverage;missing_permanent_security_identity_and_dated_alias_coverage;missing_delisted_price_vintages;missing_full_lifecycle_delisting_outcomes
2017-12-29,2017-12-29,505,0,match,13,0,0,0,false,uncertified_membership_baseline_and_change_completeness;missing_historical_publication_and_revision_vintages;missing_historical_sector_coverage;missing_permanent_security_identity_and_dated_alias_coverage;missing_delisted_price_vintages;missing_full_lifecycle_delisting_outcomes
2018-02-09,2018-02-06,506,3,match,1,0,0,0,false,uncertified_membership_baseline_and_change_completeness;missing_historical_publication_and_revision_vintages;missing_historical_sector_coverage;missing_permanent_security_identity_and_dated_alias_coverage;missing_delisted_price_vintages;missing_full_lifecycle_delisting_outcomes
2018-08-17,2018-08-17,506,0,match,24,0,0,0,false,uncertified_membership_baseline_and_change_completeness;missing_historical_publication_and_revision_vintages;missing_historical_sector_coverage;missing_permanent_security_identity_and_dated_alias_coverage;missing_delisted_price_vintages;missing_full_lifecycle_delisting_outcomes
2019-01-04,2019-01-03,505,1,match,25,0,0,0,false,uncertified_membership_baseline_and_change_completeness;missing_historical_publication_and_revision_vintages;missing_historical_sector_coverage;missing_permanent_security_identity_and_dated_alias_coverage;missing_delisted_price_vintages;missing_full_lifecycle_delisting_outcomes
2019-02-22,2019-02-15,505,7,match,4,4,0,0,false,uncertified_membership_baseline_and_change_completeness;missing_historical_publication_and_revision_vintages;missing_historical_sector_coverage;missing_permanent_security_identity_and_dated_alias_coverage;missing_delisted_price_vintages;missing_full_lifecycle_delisting_outcomes
2019-08-23,2019-08-09,505,14,match,22,22,0,0,false,uncertified_membership_baseline_and_change_completeness;missing_historical_publication_and_revision_vintages;missing_historical_sector_coverage;missing_permanent_security_identity_and_dated_alias_coverage;missing_delisted_price_vintages;missing_full_lifecycle_delisting_outcomes
2020-01-10,2019-12-23,505,18,match,30,30,0,0,false,uncertified_membership_baseline_and_change_completeness;missing_historical_publication_and_revision_vintages;missing_historical_sector_coverage;missing_permanent_security_identity_and_dated_alias_coverage;missing_delisted_price_vintages;missing_full_lifecycle_delisting_outcomes
2020-02-28,2020-01-28,505,31,match,2,2,0,0,false,uncertified_membership_baseline_and_change_completeness;missing_historical_publication_and_revision_vintages;missing_historical_sector_coverage;missing_permanent_security_identity_and_dated_alias_coverage;missing_delisted_price_vintages;missing_full_lifecycle_delisting_outcomes
2020-08-28,2020-06-22,505,67,match,22,22,0,0,false,uncertified_membership_baseline_and_change_completeness;missing_historical_publication_and_revision_vintages;missing_historical_sector_coverage;missing_permanent_security_identity_and_dated_alias_coverage;missing_delisted_price_vintages;missing_full_lifecycle_delisting_outcomes
2021-01-15,2021-01-07,505,8,match,18,18,0,0,false,uncertified_membership_baseline_and_change_completeness;missing_historical_publication_and_revision_vintages;missing_historical_sector_coverage;missing_permanent_security_identity_and_dated_alias_coverage;missing_delisted_price_vintages;missing_full_lifecycle_delisting_outcomes
2021-03-05,2021-02-12,505,21,match,4,4,0,0,false,uncertified_membership_baseline_and_change_completeness;missing_historical_publication_and_revision_vintages;missing_historical_sector_coverage;missing_permanent_security_identity_and_dated_alias_coverage;missing_delisted_price_vintages;missing_full_lifecycle_delisting_outcomes
2021-09-03,2021-08-30,505,4,match,20,20,0,0,false,uncertified_membership_baseline_and_change_completeness;missing_historical_publication_and_revision_vintages;missing_historical_sector_coverage;missing_permanent_security_identity_and_dated_alias_coverage;missing_delisted_price_vintages;missing_full_lifecycle_delisting_outcomes
2022-01-21,2022-01-10,505,11,match,18,18,0,0,false,uncertified_membership_baseline_and_change_completeness;missing_historical_publication_and_revision_vintages;missing_historical_sector_coverage;missing_permanent_security_identity_and_dated_alias_coverage;missing_delisted_price_vintages;missing_full_lifecycle_delisting_outcomes
2022-03-11,2022-03-02,505,9,match,8,8,0,0,false,uncertified_membership_baseline_and_change_completeness;missing_historical_publication_and_revision_vintages;missing_historical_sector_coverage;missing_permanent_security_identity_and_dated_alias_coverage;missing_delisted_price_vintages;missing_full_lifecycle_delisting_outcomes
2022-09-16,2022-06-28,503,80,match,18,18,0,0,false,uncertified_membership_baseline_and_change_completeness;missing_historical_publication_and_revision_vintages;missing_historical_sector_coverage;missing_permanent_security_identity_and_dated_alias_coverage;missing_delisted_price_vintages;missing_full_lifecycle_delisting_outcomes
2023-01-27,2023-01-04,503,23,match,20,20,0,0,false,uncertified_membership_baseline_and_change_completeness;missing_historical_publication_and_revision_vintages;missing_historical_sector_coverage;missing_permanent_security_identity_and_dated_alias_coverage;missing_delisted_price_vintages;missing_full_lifecycle_delisting_outcomes
2023-03-24,2023-03-20,503,4,match,6,6,0,0,false,uncertified_membership_baseline_and_change_completeness;missing_historical_publication_and_revision_vintages;missing_historical_sector_coverage;missing_permanent_security_identity_and_dated_alias_coverage;missing_delisted_price_vintages;missing_full_lifecycle_delisting_outcomes
2023-09-29,2023-09-18,503,11,match,18,18,0,0,false,uncertified_membership_baseline_and_change_completeness;missing_historical_publication_and_revision_vintages;missing_historical_sector_coverage;missing_permanent_security_identity_and_dated_alias_coverage;missing_delisted_price_vintages;missing_full_lifecycle_delisting_outcomes
2024-02-02,2024-02-01,503,1,match,14,14,0,0,false,uncertified_membership_baseline_and_change_completeness;missing_historical_publication_and_revision_vintages;missing_historical_sector_coverage;missing_permanent_security_identity_and_dated_alias_coverage;missing_delisted_price_vintages;missing_full_lifecycle_delisting_outcomes
2024-04-05,2024-04-02,503,3,match,12,12,0,0,false,uncertified_membership_baseline_and_change_completeness;missing_historical_publication_and_revision_vintages;missing_historical_sector_coverage;missing_permanent_security_identity_and_dated_alias_coverage;missing_delisted_price_vintages;missing_full_lifecycle_delisting_outcomes
2024-10-11,2024-10-01,503,10,match,18,18,6,0,false,uncertified_membership_baseline_and_change_completeness;missing_historical_publication_and_revision_vintages;missing_historical_sector_coverage;missing_permanent_security_identity_and_dated_alias_coverage;missing_delisted_price_vintages;missing_full_lifecycle_delisting_outcomes
2025-02-07,2024-12-23,503,46,match,8,8,6,0,false,uncertified_membership_baseline_and_change_completeness;missing_historical_publication_and_revision_vintages;missing_historical_sector_coverage;missing_permanent_security_identity_and_dated_alias_coverage;missing_delisted_price_vintages;missing_full_lifecycle_delisting_outcomes
2025-04-25,2025-03-24,503,32,match,8,8,6,0,false,uncertified_membership_baseline_and_change_completeness;missing_historical_publication_and_revision_vintages;missing_historical_sector_coverage;missing_permanent_security_identity_and_dated_alias_coverage;missing_delisted_price_vintages;missing_full_lifecycle_delisting_outcomes
2025-10-31,2025-10-31,503,0,match,20,20,8,0,false,uncertified_membership_baseline_and_change_completeness;missing_historical_publication_and_revision_vintages;missing_historical_sector_coverage;missing_permanent_security_identity_and_dated_alias_coverage;missing_delisted_price_vintages;missing_full_lifecycle_delisting_outcomes
